Sigla;Tipo;Tipo2;Natureza;Universidade;Estado;Região;tipo3;Título;nav_title;nome_curto;Descrição;Região no Portal;Estado Nome;Estado no Portal;Onde criar;TAGs
UFAC;Universidade;Federal;Pública;Universidade Federal do Acre;AC;Norte;sobre_nos;Sobre a UFAC;Sobre;sobre-nos;Conheça a história, estrutura e informações institucionais sobre a Universidade Federal do Acre (UFAC).;Região Norte;Acre;Acre (AC);https://www.gov.br/studyinbrazil/pt-br/instituicoes_brasileiras/regiao_norte/acre/ufac;UFAC
UFAL;Universidade;Federal;Pública;Universidade Federal de Alagoas;AL;Nordeste;sobre_nos;Sobre a UFAL;Sobre;sobre-nos;Conheça a história, estrutura e informações institucionais sobre a Universidade Federal de Alagoas (UFAL).;Região Nordeste;Alagoas;Alagoas (AL);https://www.gov.br/studyinbrazil/pt-br/instituicoes_brasileiras/regiao_nordeste/alagoas/ufal;UFAL
UNIFAP;Universidade;Federal;Pública;Universidade Federal do Amapá;AP;Norte;sobre_nos;Sobre a UNIFAP;Sobre;sobre-nos;Conheça a história, estrutura e informações institucionais sobre a Universidade Federal do Amapá (UNIFAP).;Região Norte;Amapá;Amapá (AP);https://www.gov.br/studyinbrazil/pt-br/instituicoes_brasileiras/regiao_norte/amapa/unifap;UNIFAP
UFAM;Universidade;Federal;Pública;Universidade Federal do Amazonas;AM;Norte;sobre_nos;Sobre a UFAM;Sobre;sobre-nos;Conheça a história, estrutura e informações institucionais sobre a Universidade Federal do Amazonas (UFAM).;Região Norte;Amazonas;Amazonas (AM);https://www.gov.br/studyinbrazil/pt-br/instituicoes_brasileiras/regiao_norte/amazonas/ufam;UFAM
UFBA;Universidade;Federal;Pública;Universidade Federal da Bahia;BA;Nordeste;sobre_nos;Sobre a UFBA;Sobre;sobre-nos;Conheça a história, estrutura e informações institucionais sobre a Universidade Federal da Bahia (UFBA).;Região Nordeste;Bahia;Bahia (BA);https://www.gov.br/studyinbrazil/pt-br/instituicoes_brasileiras/regiao_nordeste/bahia/ufba;UFBA
UFOB;Universidade;Federal;Pública;Universidade Federal do Oeste da Bahia;BA;Nordeste;sobre_nos;Sobre a UFOB;Sobre;sobre-nos;Conheça a história, estrutura e informações institucionais sobre a Universidade Federal do Oeste da Bahia (UFOB).;Região Nordeste;Bahia;Bahia (BA);https://www.gov.br/studyinbrazil/pt-br/instituicoes_brasileiras/regiao_nordeste/bahia/ufob;UFOB
UFRB;Universidade;Federal;Pública;Universidade Federal do Recôncavo da Bahia;BA;Nordeste;sobre_nos;Sobre a UFRB;Sobre;sobre-nos;Conheça a história, estrutura e informações institucionais sobre a Universidade Federal do Recôncavo da Bahia (UFRB).;Região Nordeste;Bahia;Bahia (BA);https://www.gov.br/studyinbrazil/pt-br/instituicoes_brasileiras/regiao_nordeste/bahia/ufrb;UFRB
UFSB;Universidade;Federal;Pública;Universidade Federal do Sul da Bahia;BA;Nordeste;sobre_nos;Sobre a UFSB;Sobre;sobre-nos;Conheça a história, estrutura e informações institucionais sobre a Universidade Federal do Sul da Bahia (UFSB).;Região Nordeste;Bahia;Bahia (BA);https://www.gov.br/studyinbrazil/pt-br/instituicoes_brasileiras/regiao_nordeste/bahia/ufsb;UFSB
UFC;Universidade;Federal;Pública;Universidade Federal do Ceará;CE;Nordeste;sobre_nos;Sobre a UFC;Sobre;sobre-nos;Conheça a história, estrutura e informações institucionais sobre a Universidade Federal do Ceará (UFC).;Região Nordeste;Ceará;Ceará (CE);https://www.gov.br/studyinbrazil/pt-br/instituicoes_brasileiras/regiao_nordeste/ceara/ufc;UFC
UFCA;Universidade;Federal;Pública;Universidade Federal do Cariri;CE;Nordeste;sobre_nos;Sobre a UFCA;Sobre;sobre-nos;Conheça a história, estrutura e informações institucionais sobre a Universidade Federal do Cariri (UFCA).;Região Nordeste;Ceará;Ceará (CE);https://www.gov.br/studyinbrazil/pt-br/instituicoes_brasileiras/regiao_nordeste/ceara/ufca;UFCA
UNILAB;Universidade;Federal;Pública;Universidade da Integração Internacional da Lusofonia Afro-Brasileira;CE;Nordeste;sobre_nos;Sobre a UNILAB;Sobre;sobre-nos;Conheça a história, estrutura e informações institucionais sobre a Universidade da Integração Internacional da Lusofonia Afro-Brasileira (UNILAB).;Região Nordeste;Ceará;Ceará (CE);https://www.gov.br/studyinbrazil/pt-br/instituicoes_brasileiras/regiao_nordeste/ceara/unilab;UNILAB
UnB;Universidade;Federal;Pública;Universidade de Brasília;DF;Centro-Oeste;sobre_nos;Sobre a UnB;Sobre;sobre-nos;Conheça a história, estrutura e informações institucionais sobre a Universidade de Brasília (UnB).;Região Centro-Oeste;Distrito Federal;Distrito Federal (DF);https://www.gov.br/studyinbrazil/pt-br/instituicoes_brasileiras/regiao_centro_oeste/distrito_federal/unb;UnB
UFES;Universidade;Federal;Pública;Universidade Federal do Espírito Santo;ES;Sudeste;sobre_nos;Sobre a UFES;Sobre;sobre-nos;Conheça a história, estrutura e informações institucionais sobre a Universidade Federal do Espírito Santo (UFES).;Região Sudeste;Espírito Santo;Espírito Santo (ES);https://www.gov.br/studyinbrazil/pt-br/instituicoes_brasileiras/regiao_sudeste/espirito_santo/ufes;UFES
UFCAT;Universidade;Federal;Pública;Universidade Federal de Catalão;GO;Centro-Oeste;sobre_nos;Sobre a UFCAT;Sobre;sobre-nos;Conheça a história, estrutura e informações institucionais sobre a Universidade Federal de Catalão (UFCAT).;Região Centro-Oeste;Goiás;Goiás (GO);https://www.gov.br/studyinbrazil/pt-br/instituicoes_brasileiras/regiao_centro_oeste/goias/ufcat;UFCAT
UFG;Universidade;Federal;Pública;Universidade Federal de Goiás;GO;Centro-Oeste;sobre_nos;Sobre a UFG;Sobre;sobre-nos;Conheça a história, estrutura e informações institucionais sobre a Universidade Federal de Goiás (UFG).;Região Centro-Oeste;Goiás;Goiás (GO);https://www.gov.br/studyinbrazil/pt-br/instituicoes_brasileiras/regiao_centro_oeste/goias/ufg;UFG
UFJ;Universidade;Federal;Pública;Universidade Federal de Jataí;GO;Centro-Oeste;sobre_nos;Sobre a UFJ;Sobre;sobre-nos;Conheça a história, estrutura e informações institucionais sobre a Universidade Federal de Jataí (UFJ).;Região Centro-Oeste;Goiás;Goiás (GO);https://www.gov.br/studyinbrazil/pt-br/instituicoes_brasileiras/regiao_centro_oeste/goias/ufj;UFJ
UFMA;Universidade;Federal;Pública;Universidade Federal do Maranhão;MA;Nordeste;sobre_nos;Sobre a UFMA;Sobre;sobre-nos;Conheça a história, estrutura e informações institucionais sobre a Universidade Federal do Maranhão (UFMA).;Região Nordeste;Maranhão;Maranhão (MA);https://www.gov.br/studyinbrazil/pt-br/instituicoes_brasileiras/regiao_nordeste/maranhao/ufma;UFMA
UFMT;Universidade;Federal;Pública;Universidade Federal de Mato Grosso;MT;Centro-Oeste;sobre_nos;Sobre a UFMT;Sobre;sobre-nos;Conheça a história, estrutura e informações institucionais sobre a Universidade Federal de Mato Grosso (UFMT).;Região Centro-Oeste;Mato Grosso;Mato Grosso (MT);https://www.gov.br/studyinbrazil/pt-br/instituicoes_brasileiras/regiao_centro_oeste/mato_grosso/ufmt;UFMT
UFR;Universidade;Federal;Pública;Universidade Federal de Rondonópolis;MT;Centro-Oeste;sobre_nos;Sobre a UFR;Sobre;sobre-nos;Conheça a história, estrutura e informações institucionais sobre a Universidade Federal de Rondonópolis (UFR).;Região Centro-Oeste;Mato Grosso;Mato Grosso (MT);https://www.gov.br/studyinbrazil/pt-br/instituicoes_brasileiras/regiao_centro_oeste/mato_grosso/ufr;UFR
UFGD;Universidade;Federal;Pública;Universidade Federal da Grande Dourados;MS;Centro-Oeste;sobre_nos;Sobre a UFGD;Sobre;sobre-nos;Conheça a história, estrutura e informações institucionais sobre a Universidade Federal da Grande Dourados (UFGD).;Região Centro-Oeste;Mato Grosso do Sul;Mato Grosso do Sul (MS);https://www.gov.br/studyinbrazil/pt-br/instituicoes_brasileiras/regiao_centro_oeste/mato_grosso_do_sul/ufgd;UFGD
UFMS;Universidade;Federal;Pública;Universidade Federal de Mato Grosso do Sul;MS;Centro-Oeste;sobre_nos;Sobre a UFMS;Sobre;sobre-nos;Conheça a história, estrutura e informações institucionais sobre a Universidade Federal de Mato Grosso do Sul (UFMS).;Região Centro-Oeste;Mato Grosso do Sul;Mato Grosso do Sul (MS);https://www.gov.br/studyinbrazil/pt-br/instituicoes_brasileiras/regiao_centro_oeste/mato_grosso_do_sul/ufms;UFMS
CEFET_MG;Centro de Educação Tecnológica;Federal;Pública;Centro Federal de Educação Tecnológica de Minas Gerais;MG;Sudeste;sobre_nos;Sobre a CEFET_MG;Sobre;sobre-nos;Conheça a história, estrutura e informações institucionais sobre a Centro Federal de Educação Tecnológica de Minas Gerais (CEFET_MG).;Região Sudeste;Minas Gerais;Minas Gerais (MG);https://www.gov.br/studyinbrazil/pt-br/instituicoes_brasileiras/regiao_sudeste/minas_gerais/cefet_mg;CEFET_MG
UFJF;Universidade;Federal;Pública;Universidade Federal de Juiz de Fora;MG;Sudeste;sobre_nos;Sobre a UFJF;Sobre;sobre-nos;Conheça a história, estrutura e informações institucionais sobre a Universidade Federal de Juiz de Fora (UFJF).;Região Sudeste;Minas Gerais;Minas Gerais (MG);https://www.gov.br/studyinbrazil/pt-br/instituicoes_brasileiras/regiao_sudeste/minas_gerais/ufjf;UFJF
UFLA;Universidade;Federal;Pública;Universidade Federal de Lavras;MG;Sudeste;sobre_nos;Sobre a UFLA;Sobre;sobre-nos;Conheça a história, estrutura e informações institucionais sobre a Universidade Federal de Lavras (UFLA).;Região Sudeste;Minas Gerais;Minas Gerais (MG);https://www.gov.br/studyinbrazil/pt-br/instituicoes_brasileiras/regiao_sudeste/minas_gerais/ufla;UFLA
UFMG;Universidade;Federal;Pública;Universidade Federal de Minas Gerais;MG;Sudeste;sobre_nos;Sobre a UFMG;Sobre;sobre-nos;Conheça a história, estrutura e informações institucionais sobre a Universidade Federal de Minas Gerais (UFMG).;Região Sudeste;Minas Gerais;Minas Gerais (MG);https://www.gov.br/studyinbrazil/pt-br/instituicoes_brasileiras/regiao_sudeste/minas_gerais/ufmg;UFMG
UFOP;Universidade;Federal;Pública;Universidade Federal de Ouro Preto;MG;Sudeste;sobre_nos;Sobre a UFOP;Sobre;sobre-nos;Conheça a história, estrutura e informações institucionais sobre a Universidade Federal de Ouro Preto (UFOP).;Região Sudeste;Minas Gerais;Minas Gerais (MG);https://www.gov.br/studyinbrazil/pt-br/instituicoes_brasileiras/regiao_sudeste/minas_gerais/ufop;UFOP
UFSJ;Universidade;Federal;Pública;Universidade Federal de São João del-Rei;MG;Sudeste;sobre_nos;Sobre a UFSJ;Sobre;sobre-nos;Conheça a história, estrutura e informações institucionais sobre a Universidade Federal de São João del-Rei (UFSJ).;Região Sudeste;Minas Gerais;Minas Gerais (MG);https://www.gov.br/studyinbrazil/pt-br/instituicoes_brasileiras/regiao_sudeste/minas_gerais/ufsj;UFSJ
UFTM;Universidade;Federal;Pública;Universidade Federal do Triângulo Mineiro;MG;Sudeste;sobre_nos;Sobre a UFTM;Sobre;sobre-nos;Conheça a história, estrutura e informações institucionais sobre a Universidade Federal do Triângulo Mineiro (UFTM).;Região Sudeste;Minas Gerais;Minas Gerais (MG);https://www.gov.br/studyinbrazil/pt-br/instituicoes_brasileiras/regiao_sudeste/minas_gerais/uftm;UFTM
UFU;Universidade;Federal;Pública;Universidade Federal de Uberlândia;MG;Sudeste;sobre_nos;Sobre a UFU;Sobre;sobre-nos;Conheça a história, estrutura e informações institucionais sobre a Universidade Federal de Uberlândia (UFU).;Região Sudeste;Minas Gerais;Minas Gerais (MG);https://www.gov.br/studyinbrazil/pt-br/instituicoes_brasileiras/regiao_sudeste/minas_gerais/ufu;UFU
UFV;Universidade;Federal;Pública;Universidade Federal de Viçosa;MG;Sudeste;sobre_nos;Sobre a UFV;Sobre;sobre-nos;Conheça a história, estrutura e informações institucionais sobre a Universidade Federal de Viçosa (UFV).;Região Sudeste;Minas Gerais;Minas Gerais (MG);https://www.gov.br/studyinbrazil/pt-br/instituicoes_brasileiras/regiao_sudeste/minas_gerais/ufv;UFV
UFVJM;Universidade;Federal;Pública;Universidade Federal dos Vales do Jequitinhonha e Mucuri;MG;Sudeste;sobre_nos;Sobre a UFVJM;Sobre;sobre-nos;Conheça a história, estrutura e informações institucionais sobre a Universidade Federal dos Vales do Jequitinhonha e Mucuri (UFVJM).;Região Sudeste;Minas Gerais;Minas Gerais (MG);https://www.gov.br/studyinbrazil/pt-br/instituicoes_brasileiras/regiao_sudeste/minas_gerais/ufvjm;UFVJM
UNIFAL;Universidade;Federal;Pública;Universidade Federal de Alfenas;MG;Sudeste;sobre_nos;Sobre a UNIFAL;Sobre;sobre-nos;Conheça a história, estrutura e informações institucionais sobre a Universidade Federal de Alfenas (UNIFAL).;Região Sudeste;Minas Gerais;Minas Gerais (MG);https://www.gov.br/studyinbrazil/pt-br/instituicoes_brasileiras/regiao_sudeste/minas_gerais/unifal;UNIFAL
UNIFEI;Universidade;Federal;Pública;Universidade Federal de Itajubá;MG;Sudeste;sobre_nos;Sobre a UNIFEI;Sobre;sobre-nos;Conheça a história, estrutura e informações institucionais sobre a Universidade Federal de Itajubá (UNIFEI).;Região Sudeste;Minas Gerais;Minas Gerais (MG);https://www.gov.br/studyinbrazil/pt-br/instituicoes_brasileiras/regiao_sudeste/minas_gerais/unifei;UNIFEI
UFOPA;Universidade;Federal;Pública;Universidade Federal do Oeste do Pará;PA;Norte;sobre_nos;Sobre a UFOPA;Sobre;sobre-nos;Conheça a história, estrutura e informações institucionais sobre a Universidade Federal do Oeste do Pará (UFOPA).;Região Norte;Pará;Pará (PA);https://www.gov.br/studyinbrazil/pt-br/instituicoes_brasileiras/regiao_norte/para/ufopa;UFOPA
UFPA;Universidade;Federal;Pública;Universidade Federal do Pará;PA;Norte;sobre_nos;Sobre a UFPA;Sobre;sobre-nos;Conheça a história, estrutura e informações institucionais sobre a Universidade Federal do Pará (UFPA).;Região Norte;Pará;Pará (PA);https://www.gov.br/studyinbrazil/pt-br/instituicoes_brasileiras/regiao_norte/para/ufpa;UFPA
UFRA;Universidade;Federal;Pública;Universidade Federal Rural da Amazônia;PA;Norte;sobre_nos;Sobre a UFRA;Sobre;sobre-nos;Conheça a história, estrutura e informações institucionais sobre a Universidade Federal Rural da Amazônia (UFRA).;Região Norte;Pará;Pará (PA);https://www.gov.br/studyinbrazil/pt-br/instituicoes_brasileiras/regiao_norte/para/ufra;UFRA
UNIFESSPA;Universidade;Federal;Pública;Universidade Federal do Sul e Sudeste do Pará;PA;Norte;sobre_nos;Sobre a UNIFESSPA;Sobre;sobre-nos;Conheça a história, estrutura e informações institucionais sobre a Universidade Federal do Sul e Sudeste do Pará (UNIFESSPA).;Região Norte;Pará;Pará (PA);https://www.gov.br/studyinbrazil/pt-br/instituicoes_brasileiras/regiao_norte/para/unifesspa;UNIFESSPA
UFCG;Universidade;Federal;Pública;Universidade Federal de Campina Grande;PB;Nordeste;sobre_nos;Sobre a UFCG;Sobre;sobre-nos;Conheça a história, estrutura e informações institucionais sobre a Universidade Federal de Campina Grande (UFCG).;Região Nordeste;Paraíba;Paraíba (PB);https://www.gov.br/studyinbrazil/pt-br/instituicoes_brasileiras/regiao_nordeste/paraiba/ufcg;UFCG
UFPB;Universidade;Federal;Pública;Universidade Federal da Paraíba;PB;Nordeste;sobre_nos;Sobre a UFPB;Sobre;sobre-nos;Conheça a história, estrutura e informações institucionais sobre a Universidade Federal da Paraíba (UFPB).;Região Nordeste;Paraíba;Paraíba (PB);https://www.gov.br/studyinbrazil/pt-br/instituicoes_brasileiras/regiao_nordeste/paraiba/ufpb;UFPB
UFPR;Universidade;Federal;Pública;Universidade Federal do Paraná;PR;Sul;sobre_nos;Sobre a UFPR;Sobre;sobre-nos;Conheça a história, estrutura e informações institucionais sobre a Universidade Federal do Paraná (UFPR).;Região Sul;Paraná;Paraná (PR);https://www.gov.br/studyinbrazil/pt-br/instituicoes_brasileiras/regiao_sul/parana/ufpr;UFPR
UNILA;Universidade;Federal;Pública;Universidade Federal da Integração Latino-Americana;PR;Sul;sobre_nos;Sobre a UNILA;Sobre;sobre-nos;Conheça a história, estrutura e informações institucionais sobre a Universidade Federal da Integração Latino-Americana (UNILA).;Região Sul;Paraná;Paraná (PR);https://www.gov.br/studyinbrazil/pt-br/instituicoes_brasileiras/regiao_sul/parana/unila;UNILA
UTFPR;Universidade;Federal;Pública;Universidade Tecnológica Federal do Paraná;PR;Sul;sobre_nos;Sobre a UTFPR;Sobre;sobre-nos;Conheça a história, estrutura e informações institucionais sobre a Universidade Tecnológica Federal do Paraná (UTFPR).;Região Sul;Paraná;Paraná (PR);https://www.gov.br/studyinbrazil/pt-br/instituicoes_brasileiras/regiao_sul/parana/utfpr;UTFPR
UFAPE;Universidade;Federal;Pública;Universidade Federal do Agreste de Pernambuco;PE;Nordeste;sobre_nos;Sobre a UFAPE;Sobre;sobre-nos;Conheça a história, estrutura e informações institucionais sobre a Universidade Federal do Agreste de Pernambuco (UFAPE).;Região Nordeste;Pernambuco;Pernambuco (PE);https://www.gov.br/studyinbrazil/pt-br/instituicoes_brasileiras/regiao_nordeste/pernambuco/ufape;UFAPE
UFPE;Universidade;Federal;Pública;Universidade Federal de Pernambuco;PE;Nordeste;sobre_nos;Sobre a UFPE;Sobre;sobre-nos;Conheça a história, estrutura e informações institucionais sobre a Universidade Federal de Pernambuco (UFPE).;Região Nordeste;Pernambuco;Pernambuco (PE);https://www.gov.br/studyinbrazil/pt-br/instituicoes_brasileiras/regiao_nordeste/pernambuco/ufpe;UFPE
UFRPE;Universidade;Federal;Pública;Universidade Federal Rural de Pernambuco;PE;Nordeste;sobre_nos;Sobre a UFRPE;Sobre;sobre-nos;Conheça a história, estrutura e informações institucionais sobre a Universidade Federal Rural de Pernambuco (UFRPE).;Região Nordeste;Pernambuco;Pernambuco (PE);https://www.gov.br/studyinbrazil/pt-br/instituicoes_brasileiras/regiao_nordeste/pernambuco/ufrpe;UFRPE
UNIVASF;Universidade;Federal;Pública;Fundação Universidade Federal do Vale do São Francisco;PE;Nordeste;sobre_nos;Sobre a UNIVASF;Sobre;sobre-nos;Conheça a história, estrutura e informações institucionais sobre a Fundação Universidade Federal do Vale do São Francisco (UNIVASF).;Região Nordeste;Pernambuco;Pernambuco (PE);https://www.gov.br/studyinbrazil/pt-br/instituicoes_brasileiras/regiao_nordeste/pernambuco/univasf;UNIVASF
UFDPAR;Universidade;Federal;Pública;Universidade Federal do Delta do Parnaíba;PI;Nordeste;sobre_nos;Sobre a UFDPAR;Sobre;sobre-nos;Conheça a história, estrutura e informações institucionais sobre a Universidade Federal do Delta do Parnaíba (UFDPAR).;Região Nordeste;Piauí;Piauí (PI);https://www.gov.br/studyinbrazil/pt-br/instituicoes_brasileiras/regiao_nordeste/piaui/ufdpar;UFDPAR
UFPI;Universidade;Federal;Pública;Universidade Federal do Piauí;PI;Nordeste;sobre_nos;Sobre a UFPI;Sobre;sobre-nos;Conheça a história, estrutura e informações institucionais sobre a Universidade Federal do Piauí (UFPI).;Região Nordeste;Piauí;Piauí (PI);https://www.gov.br/studyinbrazil/pt-br/instituicoes_brasileiras/regiao_nordeste/piaui/ufpi;UFPI
CEFET_RJ;Centro de Educação Tecnológica;Federal;Pública;Centro Federal de Educação Tecnológica Celso Suckow da Fonseca;RJ;Sudeste;sobre_nos;Sobre a CEFET_RJ;Sobre;sobre-nos;Conheça a história, estrutura e informações institucionais sobre a Centro Federal de Educação Tecnológica Celso Suckow da Fonseca (CEFET_RJ).;Região Sudeste;Rio de Janeiro;Rio de Janeiro (RJ);https://www.gov.br/studyinbrazil/pt-br/instituicoes_brasileiras/regiao_sudeste/rio_de_janeiro/cefet_rj;CEFET_RJ
UFF;Universidade;Federal;Pública;Universidade Federal Fluminense;RJ;Sudeste;sobre_nos;Sobre a UFF;Sobre;sobre-nos;Conheça a história, estrutura e informações institucionais sobre a Universidade Federal Fluminense (UFF).;Região Sudeste;Rio de Janeiro;Rio de Janeiro (RJ);https://www.gov.br/studyinbrazil/pt-br/instituicoes_brasileiras/regiao_sudeste/rio_de_janeiro/uff;UFF
UFRJ;Universidade;Federal;Pública;Universidade Federal do Rio de Janeiro;RJ;Sudeste;sobre_nos;Sobre a UFRJ;Sobre;sobre-nos;Conheça a história, estrutura e informações institucionais sobre a Universidade Federal do Rio de Janeiro (UFRJ).;Região Sudeste;Rio de Janeiro;Rio de Janeiro (RJ);https://www.gov.br/studyinbrazil/pt-br/instituicoes_brasileiras/regiao_sudeste/rio_de_janeiro/ufrj;UFRJ
UFRRJ;Universidade;Federal;Pública;Universidade Federal Rural do Rio de Janeiro;RJ;Sudeste;sobre_nos;Sobre a UFRRJ;Sobre;sobre-nos;Conheça a história, estrutura e informações institucionais sobre a Universidade Federal Rural do Rio de Janeiro (UFRRJ).;Região Sudeste;Rio de Janeiro;Rio de Janeiro (RJ);https://www.gov.br/studyinbrazil/pt-br/instituicoes_brasileiras/regiao_sudeste/rio_de_janeiro/ufrrj;UFRRJ
UNIRIO;Universidade;Federal;Pública;Universidade Federal do Estado do Rio de Janeiro;RJ;Sudeste;sobre_nos;Sobre a UNIRIO;Sobre;sobre-nos;Conheça a história, estrutura e informações institucionais sobre a Universidade Federal do Estado do Rio de Janeiro (UNIRIO).;Região Sudeste;Rio de Janeiro;Rio de Janeiro (RJ);https://www.gov.br/studyinbrazil/pt-br/instituicoes_brasileiras/regiao_sudeste/rio_de_janeiro/unirio;UNIRIO
UFERSA;Universidade;Federal;Pública;Universidade Federal Rural do Semi-Árido;RN;Nordeste;sobre_nos;Sobre a UFERSA;Sobre;sobre-nos;Conheça a história, estrutura e informações institucionais sobre a Universidade Federal Rural do Semi-Árido (UFERSA).;Região Nordeste;Rio Grande do Norte;Rio Grande do Norte (RN);https://www.gov.br/studyinbrazil/pt-br/instituicoes_brasileiras/regiao_nordeste/rio_grande_do_norte/ufersa;UFERSA
UFRN;Universidade;Federal;Pública;Universidade Federal do Rio Grande do Norte;RN;Nordeste;sobre_nos;Sobre a UFRN;Sobre;sobre-nos;Conheça a história, estrutura e informações institucionais sobre a Universidade Federal do Rio Grande do Norte (UFRN).;Região Nordeste;Rio Grande do Norte;Rio Grande do Norte (RN);https://www.gov.br/studyinbrazil/pt-br/instituicoes_brasileiras/regiao_nordeste/rio_grande_do_norte/ufrn;UFRN
FURG;Universidade;Federal;Pública;Universidade Federal do Rio Grande;RS;Sul;sobre_nos;Sobre a FURG;Sobre;sobre-nos;Conheça a história, estrutura e informações institucionais sobre a Universidade Federal do Rio Grande (FURG).;Região Sul;Rio Grande do Sul;Rio Grande do Sul (RS);https://www.gov.br/studyinbrazil/pt-br/instituicoes_brasileiras/regiao_sul/rio_grande_do_sul/furg;FURG
UFCSPA;Universidade;Federal;Pública;Universidade Federal de Ciências da Saúde de Porto Alegre;RS;Sul;sobre_nos;Sobre a UFCSPA;Sobre;sobre-nos;Conheça a história, estrutura e informações institucionais sobre a Universidade Federal de Ciências da Saúde de Porto Alegre (UFCSPA).;Região Sul;Rio Grande do Sul;Rio Grande do Sul (RS);https://www.gov.br/studyinbrazil/pt-br/instituicoes_brasileiras/regiao_sul/rio_grande_do_sul/ufcspa;UFCSPA
UFPel;Universidade;Federal;Pública;Universidade Federal de Pelotas;RS;Sul;sobre_nos;Sobre a UFPel;Sobre;sobre-nos;Conheça a história, estrutura e informações institucionais sobre a Universidade Federal de Pelotas (UFPel).;Região Sul;Rio Grande do Sul;Rio Grande do Sul (RS);https://www.gov.br/studyinbrazil/pt-br/instituicoes_brasileiras/regiao_sul/rio_grande_do_sul/ufpel;UFPel
UFRGS;Universidade;Federal;Pública;Universidade Federal do Rio Grande do Sul;RS;Sul;sobre_nos;Sobre a UFRGS;Sobre;sobre-nos;Conheça a história, estrutura e informações institucionais sobre a Universidade Federal do Rio Grande do Sul (UFRGS).;Região Sul;Rio Grande do Sul;Rio Grande do Sul (RS);https://www.gov.br/studyinbrazil/pt-br/instituicoes_brasileiras/regiao_sul/rio_grande_do_sul/ufrgs;UFRGS
UFSM;Universidade;Federal;Pública;Universidade Federal de Santa Maria;RS;Sul;sobre_nos;Sobre a UFSM;Sobre;sobre-nos;Conheça a história, estrutura e informações institucionais sobre a Universidade Federal de Santa Maria (UFSM).;Região Sul;Rio Grande do Sul;Rio Grande do Sul (RS);https://www.gov.br/studyinbrazil/pt-br/instituicoes_brasileiras/regiao_sul/rio_grande_do_sul/ufsm;UFSM
UNIPAMPA;Universidade;Federal;Pública;Universidade Federal do Pampa;RS;Sul;sobre_nos;Sobre a UNIPAMPA;Sobre;sobre-nos;Conheça a história, estrutura e informações institucionais sobre a Universidade Federal do Pampa (UNIPAMPA).;Região Sul;Rio Grande do Sul;Rio Grande do Sul (RS);https://www.gov.br/studyinbrazil/pt-br/instituicoes_brasileiras/regiao_sul/rio_grande_do_sul/unipampa;UNIPAMPA
UNIR;Universidade;Federal;Pública;Universidade Federal de Rondônia;RO;Norte;sobre_nos;Sobre a UNIR;Sobre;sobre-nos;Conheça a história, estrutura e informações institucionais sobre a Universidade Federal de Rondônia (UNIR).;Região Norte;Rondônia;Rondônia (RO);https://www.gov.br/studyinbrazil/pt-br/instituicoes_brasileiras/regiao_norte/rondonia/unir;UNIR
UFRR;Universidade;Federal;Pública;Universidade Federal de Roraima;RR;Norte;sobre_nos;Sobre a UFRR;Sobre;sobre-nos;Conheça a história, estrutura e informações institucionais sobre a Universidade Federal de Roraima (UFRR).;Região Norte;Roraima;Roraima (RR);https://www.gov.br/studyinbrazil/pt-br/instituicoes_brasileiras/regiao_norte/roraima/ufrr;UFRR
UFFS;Universidade;Federal;Pública;Universidade Federal da Fronteira Sul;SC;Sul;sobre_nos;Sobre a UFFS;Sobre;sobre-nos;Conheça a história, estrutura e informações institucionais sobre a Universidade Federal da Fronteira Sul (UFFS).;Região Sul;Santa Catarina;Santa Catarina (SC);https://www.gov.br/studyinbrazil/pt-br/instituicoes_brasileiras/regiao_sul/santa_catarina/uffs;UFFS
UFSC;Universidade;Federal;Pública;Universidade Federal de Santa Catarina;SC;Sul;sobre_nos;Sobre a UFSC;Sobre;sobre-nos;Conheça a história, estrutura e informações institucionais sobre a Universidade Federal de Santa Catarina (UFSC).;Região Sul;Santa Catarina;Santa Catarina (SC);https://www.gov.br/studyinbrazil/pt-br/instituicoes_brasileiras/regiao_sul/santa_catarina/ufsc;UFSC
UFABC;Universidade;Federal;Pública;Universidade Federal do ABC;SP;Sudeste;sobre_nos;Sobre a UFABC;Sobre;sobre-nos;Conheça a história, estrutura e informações institucionais sobre a Universidade Federal do ABC (UFABC).;Região Sudeste;São Paulo;São Paulo (SP);https://www.gov.br/studyinbrazil/pt-br/instituicoes_brasileiras/regiao_sudeste/sao_paulo/ufabc;UFABC
UFSCar;Universidade;Federal;Pública;Universidade Federal de São Carlos;SP;Sudeste;sobre_nos;Sobre a UFSCar;Sobre;sobre-nos;Conheça a história, estrutura e informações institucionais sobre a Universidade Federal de São Carlos (UFSCar).;Região Sudeste;São Paulo;São Paulo (SP);https://www.gov.br/studyinbrazil/pt-br/instituicoes_brasileiras/regiao_sudeste/sao_paulo/ufscar;UFSCar
UNIFESP;Universidade;Federal;Pública;Universidade Federal de São Paulo;SP;Sudeste;sobre_nos;Sobre a UNIFESP;Sobre;sobre-nos;Conheça a história, estrutura e informações institucionais sobre a Universidade Federal de São Paulo (UNIFESP).;Região Sudeste;São Paulo;São Paulo (SP);https://www.gov.br/studyinbrazil/pt-br/instituicoes_brasileiras/regiao_sudeste/sao_paulo/unifesp;UNIFESP
UFS;Universidade;Federal;Pública;Universidade Federal de Sergipe;SE;Nordeste;sobre_nos;Sobre a UFS;Sobre;sobre-nos;Conheça a história, estrutura e informações institucionais sobre a Universidade Federal de Sergipe (UFS).;Região Nordeste;Sergipe;Sergipe (SE);https://www.gov.br/studyinbrazil/pt-br/instituicoes_brasileiras/regiao_nordeste/sergipe/ufs;UFS
UFNT;Universidade;Federal;Pública;Universidade Federal do Norte do Tocantins;TO;Norte;sobre_nos;Sobre a UFNT;Sobre;sobre-nos;Conheça a história, estrutura e informações institucionais sobre a Universidade Federal do Norte do Tocantins (UFNT).;Região Norte;Tocantins;Tocantins (TO);https://www.gov.br/studyinbrazil/pt-br/instituicoes_brasileiras/regiao_norte/tocantins/ufnt;UFNT
UFT;Universidade;Federal;Pública;Universidade Federal do Tocantins;TO;Norte;sobre_nos;Sobre a UFT;Sobre;sobre-nos;Conheça a história, estrutura e informações institucionais sobre a Universidade Federal do Tocantins (UFT).;Região Norte;Tocantins;Tocantins (TO);https://www.gov.br/studyinbrazil/pt-br/instituicoes_brasileiras/regiao_norte/tocantins/uft;UFT
UFAC;Universidade;Federal;Pública;Universidade Federal do Acre;AC;Norte;estudantes-internacionais;Estudantes Internacionais na UFAC;Estudantes Internacionais;estudantes-internacionais;Informações sobre internacionalização, apoio e acolhimento a estudantes estrangeiros na Universidade Federal do Acre (UFAC).;Região Norte;Acre;Acre (AC);https://www.gov.br/studyinbrazil/pt-br/instituicoes_brasileiras/regiao_norte/acre/ufac;UFAC
UFAL;Universidade;Federal;Pública;Universidade Federal de Alagoas;AL;Nordeste;estudantes-internacionais;Estudantes Internacionais na UFAL;Estudantes Internacionais;estudantes-internacionais;Informações sobre internacionalização, apoio e acolhimento a estudantes estrangeiros na Universidade Federal de Alagoas (UFAL).;Região Nordeste;Alagoas;Alagoas (AL);https://www.gov.br/studyinbrazil/pt-br/instituicoes_brasileiras/regiao_nordeste/alagoas/ufal;UFAL
UNIFAP;Universidade;Federal;Pública;Universidade Federal do Amapá;AP;Norte;estudantes-internacionais;Estudantes Internacionais na UNIFAP;Estudantes Internacionais;estudantes-internacionais;Informações sobre internacionalização, apoio e acolhimento a estudantes estrangeiros na Universidade Federal do Amapá (UNIFAP).;Região Norte;Amapá;Amapá (AP);https://www.gov.br/studyinbrazil/pt-br/instituicoes_brasileiras/regiao_norte/amapa/unifap;UNIFAP
UFAM;Universidade;Federal;Pública;Universidade Federal do Amazonas;AM;Norte;estudantes-internacionais;Estudantes Internacionais na UFAM;Estudantes Internacionais;estudantes-internacionais;Informações sobre internacionalização, apoio e acolhimento a estudantes estrangeiros na Universidade Federal do Amazonas (UFAM).;Região Norte;Amazonas;Amazonas (AM);https://www.gov.br/studyinbrazil/pt-br/instituicoes_brasileiras/regiao_norte/amazonas/ufam;UFAM
UFBA;Universidade;Federal;Pública;Universidade Federal da Bahia;BA;Nordeste;estudantes-internacionais;Estudantes Internacionais na UFBA;Estudantes Internacionais;estudantes-internacionais;Informações sobre internacionalização, apoio e acolhimento a estudantes estrangeiros na Universidade Federal da Bahia (UFBA).;Região Nordeste;Bahia;Bahia (BA);https://www.gov.br/studyinbrazil/pt-br/instituicoes_brasileiras/regiao_nordeste/bahia/ufba;UFBA
UFOB;Universidade;Federal;Pública;Universidade Federal do Oeste da Bahia;BA;Nordeste;estudantes-internacionais;Estudantes Internacionais na UFOB;Estudantes Internacionais;estudantes-internacionais;Informações sobre internacionalização, apoio e acolhimento a estudantes estrangeiros na Universidade Federal do Oeste da Bahia (UFOB).;Região Nordeste;Bahia;Bahia (BA);https://www.gov.br/studyinbrazil/pt-br/instituicoes_brasileiras/regiao_nordeste/bahia/ufob;UFOB
UFRB;Universidade;Federal;Pública;Universidade Federal do Recôncavo da Bahia;BA;Nordeste;estudantes-internacionais;Estudantes Internacionais na UFRB;Estudantes Internacionais;estudantes-internacionais;Informações sobre internacionalização, apoio e acolhimento a estudantes estrangeiros na Universidade Federal do Recôncavo da Bahia (UFRB).;Região Nordeste;Bahia;Bahia (BA);https://www.gov.br/studyinbrazil/pt-br/instituicoes_brasileiras/regiao_nordeste/bahia/ufrb;UFRB
UFSB;Universidade;Federal;Pública;Universidade Federal do Sul da Bahia;BA;Nordeste;estudantes-internacionais;Estudantes Internacionais na UFSB;Estudantes Internacionais;estudantes-internacionais;Informações sobre internacionalização, apoio e acolhimento a estudantes estrangeiros na Universidade Federal do Sul da Bahia (UFSB).;Região Nordeste;Bahia;Bahia (BA);https://www.gov.br/studyinbrazil/pt-br/instituicoes_brasileiras/regiao_nordeste/bahia/ufsb;UFSB
UFC;Universidade;Federal;Pública;Universidade Federal do Ceará;CE;Nordeste;estudantes-internacionais;Estudantes Internacionais na UFC;Estudantes Internacionais;estudantes-internacionais;Informações sobre internacionalização, apoio e acolhimento a estudantes estrangeiros na Universidade Federal do Ceará (UFC).;Região Nordeste;Ceará;Ceará (CE);https://www.gov.br/studyinbrazil/pt-br/instituicoes_brasileiras/regiao_nordeste/ceara/ufc;UFC
UFCA;Universidade;Federal;Pública;Universidade Federal do Cariri;CE;Nordeste;estudantes-internacionais;Estudantes Internacionais na UFCA;Estudantes Internacionais;estudantes-internacionais;Informações sobre internacionalização, apoio e acolhimento a estudantes estrangeiros na Universidade Federal do Cariri (UFCA).;Região Nordeste;Ceará;Ceará (CE);https://www.gov.br/studyinbrazil/pt-br/instituicoes_brasileiras/regiao_nordeste/ceara/ufca;UFCA
UNILAB;Universidade;Federal;Pública;Universidade da Integração Internacional da Lusofonia Afro-Brasileira;CE;Nordeste;estudantes-internacionais;Estudantes Internacionais na UNILAB;Estudantes Internacionais;estudantes-internacionais;Informações sobre internacionalização, apoio e acolhimento a estudantes estrangeiros na Universidade da Integração Internacional da Lusofonia Afro-Brasileira (UNILAB).;Região Nordeste;Ceará;Ceará (CE);https://www.gov.br/studyinbrazil/pt-br/instituicoes_brasileiras/regiao_nordeste/ceara/unilab;UNILAB
UnB;Universidade;Federal;Pública;Universidade de Brasília;DF;Centro-Oeste;estudantes-internacionais;Estudantes Internacionais na UnB;Estudantes Internacionais;estudantes-internacionais;Informações sobre internacionalização, apoio e acolhimento a estudantes estrangeiros na Universidade de Brasília (UnB).;Região Centro-Oeste;Distrito Federal;Distrito Federal (DF);https://www.gov.br/studyinbrazil/pt-br/instituicoes_brasileiras/regiao_centro_oeste/distrito_federal/unb;UnB
UFES;Universidade;Federal;Pública;Universidade Federal do Espírito Santo;ES;Sudeste;estudantes-internacionais;Estudantes Internacionais na UFES;Estudantes Internacionais;estudantes-internacionais;Informações sobre internacionalização, apoio e acolhimento a estudantes estrangeiros na Universidade Federal do Espírito Santo (UFES).;Região Sudeste;Espírito Santo;Espírito Santo (ES);https://www.gov.br/studyinbrazil/pt-br/instituicoes_brasileiras/regiao_sudeste/espirito_santo/ufes;UFES
UFCAT;Universidade;Federal;Pública;Universidade Federal de Catalão;GO;Centro-Oeste;estudantes-internacionais;Estudantes Internacionais na UFCAT;Estudantes Internacionais;estudantes-internacionais;Informações sobre internacionalização, apoio e acolhimento a estudantes estrangeiros na Universidade Federal de Catalão (UFCAT).;Região Centro-Oeste;Goiás;Goiás (GO);https://www.gov.br/studyinbrazil/pt-br/instituicoes_brasileiras/regiao_centro_oeste/goias/ufcat;UFCAT
UFG;Universidade;Federal;Pública;Universidade Federal de Goiás;GO;Centro-Oeste;estudantes-internacionais;Estudantes Internacionais na UFG;Estudantes Internacionais;estudantes-internacionais;Informações sobre internacionalização, apoio e acolhimento a estudantes estrangeiros na Universidade Federal de Goiás (UFG).;Região Centro-Oeste;Goiás;Goiás (GO);https://www.gov.br/studyinbrazil/pt-br/instituicoes_brasileiras/regiao_centro_oeste/goias/ufg;UFG
UFJ;Universidade;Federal;Pública;Universidade Federal de Jataí;GO;Centro-Oeste;estudantes-internacionais;Estudantes Internacionais na UFJ;Estudantes Internacionais;estudantes-internacionais;Informações sobre internacionalização, apoio e acolhimento a estudantes estrangeiros na Universidade Federal de Jataí (UFJ).;Região Centro-Oeste;Goiás;Goiás (GO);https://www.gov.br/studyinbrazil/pt-br/instituicoes_brasileiras/regiao_centro_oeste/goias/ufj;UFJ
UFMA;Universidade;Federal;Pública;Universidade Federal do Maranhão;MA;Nordeste;estudantes-internacionais;Estudantes Internacionais na UFMA;Estudantes Internacionais;estudantes-internacionais;Informações sobre internacionalização, apoio e acolhimento a estudantes estrangeiros na Universidade Federal do Maranhão (UFMA).;Região Nordeste;Maranhão;Maranhão (MA);https://www.gov.br/studyinbrazil/pt-br/instituicoes_brasileiras/regiao_nordeste/maranhao/ufma;UFMA
UFMT;Universidade;Federal;Pública;Universidade Federal de Mato Grosso;MT;Centro-Oeste;estudantes-internacionais;Estudantes Internacionais na UFMT;Estudantes Internacionais;estudantes-internacionais;Informações sobre internacionalização, apoio e acolhimento a estudantes estrangeiros na Universidade Federal de Mato Grosso (UFMT).;Região Centro-Oeste;Mato Grosso;Mato Grosso (MT);https://www.gov.br/studyinbrazil/pt-br/instituicoes_brasileiras/regiao_centro_oeste/mato_grosso/ufmt;UFMT
UFR;Universidade;Federal;Pública;Universidade Federal de Rondonópolis;MT;Centro-Oeste;estudantes-internacionais;Estudantes Internacionais na UFR;Estudantes Internacionais;estudantes-internacionais;Informações sobre internacionalização, apoio e acolhimento a estudantes estrangeiros na Universidade Federal de Rondonópolis (UFR).;Região Centro-Oeste;Mato Grosso;Mato Grosso (MT);https://www.gov.br/studyinbrazil/pt-br/instituicoes_brasileiras/regiao_centro_oeste/mato_grosso/ufr;UFR
UFGD;Universidade;Federal;Pública;Universidade Federal da Grande Dourados;MS;Centro-Oeste;estudantes-internacionais;Estudantes Internacionais na UFGD;Estudantes Internacionais;estudantes-internacionais;Informações sobre internacionalização, apoio e acolhimento a estudantes estrangeiros na Universidade Federal da Grande Dourados (UFGD).;Região Centro-Oeste;Mato Grosso do Sul;Mato Grosso do Sul (MS);https://www.gov.br/studyinbrazil/pt-br/instituicoes_brasileiras/regiao_centro_oeste/mato_grosso_do_sul/ufgd;UFGD
UFMS;Universidade;Federal;Pública;Universidade Federal de Mato Grosso do Sul;MS;Centro-Oeste;estudantes-internacionais;Estudantes Internacionais na UFMS;Estudantes Internacionais;estudantes-internacionais;Informações sobre internacionalização, apoio e acolhimento a estudantes estrangeiros na Universidade Federal de Mato Grosso do Sul (UFMS).;Região Centro-Oeste;Mato Grosso do Sul;Mato Grosso do Sul (MS);https://www.gov.br/studyinbrazil/pt-br/instituicoes_brasileiras/regiao_centro_oeste/mato_grosso_do_sul/ufms;UFMS
CEFET_MG;Centro de Educação Tecnológica;Federal;Pública;Centro Federal de Educação Tecnológica de Minas Gerais;MG;Sudeste;estudantes-internacionais;Estudantes Internacionais na CEFET_MG;Estudantes Internacionais;estudantes-internacionais;Informações sobre internacionalização, apoio e acolhimento a estudantes estrangeiros na Centro Federal de Educação Tecnológica de Minas Gerais (CEFET_MG).;Região Sudeste;Minas Gerais;Minas Gerais (MG);https://www.gov.br/studyinbrazil/pt-br/instituicoes_brasileiras/regiao_sudeste/minas_gerais/cefet_mg;CEFET_MG
UFJF;Universidade;Federal;Pública;Universidade Federal de Juiz de Fora;MG;Sudeste;estudantes-internacionais;Estudantes Internacionais na UFJF;Estudantes Internacionais;estudantes-internacionais;Informações sobre internacionalização, apoio e acolhimento a estudantes estrangeiros na Universidade Federal de Juiz de Fora (UFJF).;Região Sudeste;Minas Gerais;Minas Gerais (MG);https://www.gov.br/studyinbrazil/pt-br/instituicoes_brasileiras/regiao_sudeste/minas_gerais/ufjf;UFJF
UFLA;Universidade;Federal;Pública;Universidade Federal de Lavras;MG;Sudeste;estudantes-internacionais;Estudantes Internacionais na UFLA;Estudantes Internacionais;estudantes-internacionais;Informações sobre internacionalização, apoio e acolhimento a estudantes estrangeiros na Universidade Federal de Lavras (UFLA).;Região Sudeste;Minas Gerais;Minas Gerais (MG);https://www.gov.br/studyinbrazil/pt-br/instituicoes_brasileiras/regiao_sudeste/minas_gerais/ufla;UFLA
UFMG;Universidade;Federal;Pública;Universidade Federal de Minas Gerais;MG;Sudeste;estudantes-internacionais;Estudantes Internacionais na UFMG;Estudantes Internacionais;estudantes-internacionais;Informações sobre internacionalização, apoio e acolhimento a estudantes estrangeiros na Universidade Federal de Minas Gerais (UFMG).;Região Sudeste;Minas Gerais;Minas Gerais (MG);https://www.gov.br/studyinbrazil/pt-br/instituicoes_brasileiras/regiao_sudeste/minas_gerais/ufmg;UFMG
UFOP;Universidade;Federal;Pública;Universidade Federal de Ouro Preto;MG;Sudeste;estudantes-internacionais;Estudantes Internacionais na UFOP;Estudantes Internacionais;estudantes-internacionais;Informações sobre internacionalização, apoio e acolhimento a estudantes estrangeiros na Universidade Federal de Ouro Preto (UFOP).;Região Sudeste;Minas Gerais;Minas Gerais (MG);https://www.gov.br/studyinbrazil/pt-br/instituicoes_brasileiras/regiao_sudeste/minas_gerais/ufop;UFOP
UFSJ;Universidade;Federal;Pública;Universidade Federal de São João del-Rei;MG;Sudeste;estudantes-internacionais;Estudantes Internacionais na UFSJ;Estudantes Internacionais;estudantes-internacionais;Informações sobre internacionalização, apoio e acolhimento a estudantes estrangeiros na Universidade Federal de São João del-Rei (UFSJ).;Região Sudeste;Minas Gerais;Minas Gerais (MG);https://www.gov.br/studyinbrazil/pt-br/instituicoes_brasileiras/regiao_sudeste/minas_gerais/ufsj;UFSJ
UFTM;Universidade;Federal;Pública;Universidade Federal do Triângulo Mineiro;MG;Sudeste;estudantes-internacionais;Estudantes Internacionais na UFTM;Estudantes Internacionais;estudantes-internacionais;Informações sobre internacionalização, apoio e acolhimento a estudantes estrangeiros na Universidade Federal do Triângulo Mineiro (UFTM).;Região Sudeste;Minas Gerais;Minas Gerais (MG);https://www.gov.br/studyinbrazil/pt-br/instituicoes_brasileiras/regiao_sudeste/minas_gerais/uftm;UFTM
UFU;Universidade;Federal;Pública;Universidade Federal de Uberlândia;MG;Sudeste;estudantes-internacionais;Estudantes Internacionais na UFU;Estudantes Internacionais;estudantes-internacionais;Informações sobre internacionalização, apoio e acolhimento a estudantes estrangeiros na Universidade Federal de Uberlândia (UFU).;Região Sudeste;Minas Gerais;Minas Gerais (MG);https://www.gov.br/studyinbrazil/pt-br/instituicoes_brasileiras/regiao_sudeste/minas_gerais/ufu;UFU
UFV;Universidade;Federal;Pública;Universidade Federal de Viçosa;MG;Sudeste;estudantes-internacionais;Estudantes Internacionais na UFV;Estudantes Internacionais;estudantes-internacionais;Informações sobre internacionalização, apoio e acolhimento a estudantes estrangeiros na Universidade Federal de Viçosa (UFV).;Região Sudeste;Minas Gerais;Minas Gerais (MG);https://www.gov.br/studyinbrazil/pt-br/instituicoes_brasileiras/regiao_sudeste/minas_gerais/ufv;UFV
UFVJM;Universidade;Federal;Pública;Universidade Federal dos Vales do Jequitinhonha e Mucuri;MG;Sudeste;estudantes-internacionais;Estudantes Internacionais na UFVJM;Estudantes Internacionais;estudantes-internacionais;Informações sobre internacionalização, apoio e acolhimento a estudantes estrangeiros na Universidade Federal dos Vales do Jequitinhonha e Mucuri (UFVJM).;Região Sudeste;Minas Gerais;Minas Gerais (MG);https://www.gov.br/studyinbrazil/pt-br/instituicoes_brasileiras/regiao_sudeste/minas_gerais/ufvjm;UFVJM
UNIFAL;Universidade;Federal;Pública;Universidade Federal de Alfenas;MG;Sudeste;estudantes-internacionais;Estudantes Internacionais na UNIFAL;Estudantes Internacionais;estudantes-internacionais;Informações sobre internacionalização, apoio e acolhimento a estudantes estrangeiros na Universidade Federal de Alfenas (UNIFAL).;Região Sudeste;Minas Gerais;Minas Gerais (MG);https://www.gov.br/studyinbrazil/pt-br/instituicoes_brasileiras/regiao_sudeste/minas_gerais/unifal;UNIFAL
UNIFEI;Universidade;Federal;Pública;Universidade Federal de Itajubá;MG;Sudeste;estudantes-internacionais;Estudantes Internacionais na UNIFEI;Estudantes Internacionais;estudantes-internacionais;Informações sobre internacionalização, apoio e acolhimento a estudantes estrangeiros na Universidade Federal de Itajubá (UNIFEI).;Região Sudeste;Minas Gerais;Minas Gerais (MG);https://www.gov.br/studyinbrazil/pt-br/instituicoes_brasileiras/regiao_sudeste/minas_gerais/unifei;UNIFEI
UFOPA;Universidade;Federal;Pública;Universidade Federal do Oeste do Pará;PA;Norte;estudantes-internacionais;Estudantes Internacionais na UFOPA;Estudantes Internacionais;estudantes-internacionais;Informações sobre internacionalização, apoio e acolhimento a estudantes estrangeiros na Universidade Federal do Oeste do Pará (UFOPA).;Região Norte;Pará;Pará (PA);https://www.gov.br/studyinbrazil/pt-br/instituicoes_brasileiras/regiao_norte/para/ufopa;UFOPA
UFPA;Universidade;Federal;Pública;Universidade Federal do Pará;PA;Norte;estudantes-internacionais;Estudantes Internacionais na UFPA;Estudantes Internacionais;estudantes-internacionais;Informações sobre internacionalização, apoio e acolhimento a estudantes estrangeiros na Universidade Federal do Pará (UFPA).;Região Norte;Pará;Pará (PA);https://www.gov.br/studyinbrazil/pt-br/instituicoes_brasileiras/regiao_norte/para/ufpa;UFPA
UFRA;Universidade;Federal;Pública;Universidade Federal Rural da Amazônia;PA;Norte;estudantes-internacionais;Estudantes Internacionais na UFRA;Estudantes Internacionais;estudantes-internacionais;Informações sobre internacionalização, apoio e acolhimento a estudantes estrangeiros na Universidade Federal Rural da Amazônia (UFRA).;Região Norte;Pará;Pará (PA);https://www.gov.br/studyinbrazil/pt-br/instituicoes_brasileiras/regiao_norte/para/ufra;UFRA
UNIFESSPA;Universidade;Federal;Pública;Universidade Federal do Sul e Sudeste do Pará;PA;Norte;estudantes-internacionais;Estudantes Internacionais na UNIFESSPA;Estudantes Internacionais;estudantes-internacionais;Informações sobre internacionalização, apoio e acolhimento a estudantes estrangeiros na Universidade Federal do Sul e Sudeste do Pará (UNIFESSPA).;Região Norte;Pará;Pará (PA);https://www.gov.br/studyinbrazil/pt-br/instituicoes_brasileiras/regiao_norte/para/unifesspa;UNIFESSPA
UFCG;Universidade;Federal;Pública;Universidade Federal de Campina Grande;PB;Nordeste;estudantes-internacionais;Estudantes Internacionais na UFCG;Estudantes Internacionais;estudantes-internacionais;Informações sobre internacionalização, apoio e acolhimento a estudantes estrangeiros na Universidade Federal de Campina Grande (UFCG).;Região Nordeste;Paraíba;Paraíba (PB);https://www.gov.br/studyinbrazil/pt-br/instituicoes_brasileiras/regiao_nordeste/paraiba/ufcg;UFCG
UFPB;Universidade;Federal;Pública;Universidade Federal da Paraíba;PB;Nordeste;estudantes-internacionais;Estudantes Internacionais na UFPB;Estudantes Internacionais;estudantes-internacionais;Informações sobre internacionalização, apoio e acolhimento a estudantes estrangeiros na Universidade Federal da Paraíba (UFPB).;Região Nordeste;Paraíba;Paraíba (PB);https://www.gov.br/studyinbrazil/pt-br/instituicoes_brasileiras/regiao_nordeste/paraiba/ufpb;UFPB
UFPR;Universidade;Federal;Pública;Universidade Federal do Paraná;PR;Sul;estudantes-internacionais;Estudantes Internacionais na UFPR;Estudantes Internacionais;estudantes-internacionais;Informações sobre internacionalização, apoio e acolhimento a estudantes estrangeiros na Universidade Federal do Paraná (UFPR).;Região Sul;Paraná;Paraná (PR);https://www.gov.br/studyinbrazil/pt-br/instituicoes_brasileiras/regiao_sul/parana/ufpr;UFPR
UNILA;Universidade;Federal;Pública;Universidade Federal da Integração Latino-Americana;PR;Sul;estudantes-internacionais;Estudantes Internacionais na UNILA;Estudantes Internacionais;estudantes-internacionais;Informações sobre internacionalização, apoio e acolhimento a estudantes estrangeiros na Universidade Federal da Integração Latino-Americana (UNILA).;Região Sul;Paraná;Paraná (PR);https://www.gov.br/studyinbrazil/pt-br/instituicoes_brasileiras/regiao_sul/parana/unila;UNILA
UTFPR;Universidade;Federal;Pública;Universidade Tecnológica Federal do Paraná;PR;Sul;estudantes-internacionais;Estudantes Internacionais na UTFPR;Estudantes Internacionais;estudantes-internacionais;Informações sobre internacionalização, apoio e acolhimento a estudantes estrangeiros na Universidade Tecnológica Federal do Paraná (UTFPR).;Região Sul;Paraná;Paraná (PR);https://www.gov.br/studyinbrazil/pt-br/instituicoes_brasileiras/regiao_sul/parana/utfpr;UTFPR
UFAPE;Universidade;Federal;Pública;Universidade Federal do Agreste de Pernambuco;PE;Nordeste;estudantes-internacionais;Estudantes Internacionais na UFAPE;Estudantes Internacionais;estudantes-internacionais;Informações sobre internacionalização, apoio e acolhimento a estudantes estrangeiros na Universidade Federal do Agreste de Pernambuco (UFAPE).;Região Nordeste;Pernambuco;Pernambuco (PE);https://www.gov.br/studyinbrazil/pt-br/instituicoes_brasileiras/regiao_nordeste/pernambuco/ufape;UFAPE
UFPE;Universidade;Federal;Pública;Universidade Federal de Pernambuco;PE;Nordeste;estudantes-internacionais;Estudantes Internacionais na UFPE;Estudantes Internacionais;estudantes-internacionais;Informações sobre internacionalização, apoio e acolhimento a estudantes estrangeiros na Universidade Federal de Pernambuco (UFPE).;Região Nordeste;Pernambuco;Pernambuco (PE);https://www.gov.br/studyinbrazil/pt-br/instituicoes_brasileiras/regiao_nordeste/pernambuco/ufpe;UFPE
UFRPE;Universidade;Federal;Pública;Universidade Federal Rural de Pernambuco;PE;Nordeste;estudantes-internacionais;Estudantes Internacionais na UFRPE;Estudantes Internacionais;estudantes-internacionais;Informações sobre internacionalização, apoio e acolhimento a estudantes estrangeiros na Universidade Federal Rural de Pernambuco (UFRPE).;Região Nordeste;Pernambuco;Pernambuco (PE);https://www.gov.br/studyinbrazil/pt-br/instituicoes_brasileiras/regiao_nordeste/pernambuco/ufrpe;UFRPE
UNIVASF;Universidade;Federal;Pública;Fundação Universidade Federal do Vale do São Francisco;PE;Nordeste;estudantes-internacionais;Estudantes Internacionais na UNIVASF;Estudantes Internacionais;estudantes-internacionais;Informações sobre internacionalização, apoio e acolhimento a estudantes estrangeiros na Fundação Universidade Federal do Vale do São Francisco (UNIVASF).;Região Nordeste;Pernambuco;Pernambuco (PE);https://www.gov.br/studyinbrazil/pt-br/instituicoes_brasileiras/regiao_nordeste/pernambuco/univasf;UNIVASF
UFDPAR;Universidade;Federal;Pública;Universidade Federal do Delta do Parnaíba;PI;Nordeste;estudantes-internacionais;Estudantes Internacionais na UFDPAR;Estudantes Internacionais;estudantes-internacionais;Informações sobre internacionalização, apoio e acolhimento a estudantes estrangeiros na Universidade Federal do Delta do Parnaíba (UFDPAR).;Região Nordeste;Piauí;Piauí (PI);https://www.gov.br/studyinbrazil/pt-br/instituicoes_brasileiras/regiao_nordeste/piaui/ufdpar;UFDPAR
UFPI;Universidade;Federal;Pública;Universidade Federal do Piauí;PI;Nordeste;estudantes-internacionais;Estudantes Internacionais na UFPI;Estudantes Internacionais;estudantes-internacionais;Informações sobre internacionalização, apoio e acolhimento a estudantes estrangeiros na Universidade Federal do Piauí (UFPI).;Região Nordeste;Piauí;Piauí (PI);https://www.gov.br/studyinbrazil/pt-br/instituicoes_brasileiras/regiao_nordeste/piaui/ufpi;UFPI
CEFET_RJ;Centro de Educação Tecnológica;Federal;Pública;Centro Federal de Educação Tecnológica Celso Suckow da Fonseca;RJ;Sudeste;estudantes-internacionais;Estudantes Internacionais na CEFET_RJ;Estudantes Internacionais;estudantes-internacionais;Informações sobre internacionalização, apoio e acolhimento a estudantes estrangeiros na Centro Federal de Educação Tecnológica Celso Suckow da Fonseca (CEFET_RJ).;Região Sudeste;Rio de Janeiro;Rio de Janeiro (RJ);https://www.gov.br/studyinbrazil/pt-br/instituicoes_brasileiras/regiao_sudeste/rio_de_janeiro/cefet_rj;CEFET_RJ
UFF;Universidade;Federal;Pública;Universidade Federal Fluminense;RJ;Sudeste;estudantes-internacionais;Estudantes Internacionais na UFF;Estudantes Internacionais;estudantes-internacionais;Informações sobre internacionalização, apoio e acolhimento a estudantes estrangeiros na Universidade Federal Fluminense (UFF).;Região Sudeste;Rio de Janeiro;Rio de Janeiro (RJ);https://www.gov.br/studyinbrazil/pt-br/instituicoes_brasileiras/regiao_sudeste/rio_de_janeiro/uff;UFF
UFRJ;Universidade;Federal;Pública;Universidade Federal do Rio de Janeiro;RJ;Sudeste;estudantes-internacionais;Estudantes Internacionais na UFRJ;Estudantes Internacionais;estudantes-internacionais;Informações sobre internacionalização, apoio e acolhimento a estudantes estrangeiros na Universidade Federal do Rio de Janeiro (UFRJ).;Região Sudeste;Rio de Janeiro;Rio de Janeiro (RJ);https://www.gov.br/studyinbrazil/pt-br/instituicoes_brasileiras/regiao_sudeste/rio_de_janeiro/ufrj;UFRJ
UFRRJ;Universidade;Federal;Pública;Universidade Federal Rural do Rio de Janeiro;RJ;Sudeste;estudantes-internacionais;Estudantes Internacionais na UFRRJ;Estudantes Internacionais;estudantes-internacionais;Informações sobre internacionalização, apoio e acolhimento a estudantes estrangeiros na Universidade Federal Rural do Rio de Janeiro (UFRRJ).;Região Sudeste;Rio de Janeiro;Rio de Janeiro (RJ);https://www.gov.br/studyinbrazil/pt-br/instituicoes_brasileiras/regiao_sudeste/rio_de_janeiro/ufrrj;UFRRJ
UNIRIO;Universidade;Federal;Pública;Universidade Federal do Estado do Rio de Janeiro;RJ;Sudeste;estudantes-internacionais;Estudantes Internacionais na UNIRIO;Estudantes Internacionais;estudantes-internacionais;Informações sobre internacionalização, apoio e acolhimento a estudantes estrangeiros na Universidade Federal do Estado do Rio de Janeiro (UNIRIO).;Região Sudeste;Rio de Janeiro;Rio de Janeiro (RJ);https://www.gov.br/studyinbrazil/pt-br/instituicoes_brasileiras/regiao_sudeste/rio_de_janeiro/unirio;UNIRIO
UFERSA;Universidade;Federal;Pública;Universidade Federal Rural do Semi-Árido;RN;Nordeste;estudantes-internacionais;Estudantes Internacionais na UFERSA;Estudantes Internacionais;estudantes-internacionais;Informações sobre internacionalização, apoio e acolhimento a estudantes estrangeiros na Universidade Federal Rural do Semi-Árido (UFERSA).;Região Nordeste;Rio Grande do Norte;Rio Grande do Norte (RN);https://www.gov.br/studyinbrazil/pt-br/instituicoes_brasileiras/regiao_nordeste/rio_grande_do_norte/ufersa;UFERSA
UFRN;Universidade;Federal;Pública;Universidade Federal do Rio Grande do Norte;RN;Nordeste;estudantes-internacionais;Estudantes Internacionais na UFRN;Estudantes Internacionais;estudantes-internacionais;Informações sobre internacionalização, apoio e acolhimento a estudantes estrangeiros na Universidade Federal do Rio Grande do Norte (UFRN).;Região Nordeste;Rio Grande do Norte;Rio Grande do Norte (RN);https://www.gov.br/studyinbrazil/pt-br/instituicoes_brasileiras/regiao_nordeste/rio_grande_do_norte/ufrn;UFRN
FURG;Universidade;Federal;Pública;Universidade Federal do Rio Grande;RS;Sul;estudantes-internacionais;Estudantes Internacionais na FURG;Estudantes Internacionais;estudantes-internacionais;Informações sobre internacionalização, apoio e acolhimento a estudantes estrangeiros na Universidade Federal do Rio Grande (FURG).;Região Sul;Rio Grande do Sul;Rio Grande do Sul (RS);https://www.gov.br/studyinbrazil/pt-br/instituicoes_brasileiras/regiao_sul/rio_grande_do_sul/furg;FURG
UFCSPA;Universidade;Federal;Pública;Universidade Federal de Ciências da Saúde de Porto Alegre;RS;Sul;estudantes-internacionais;Estudantes Internacionais na UFCSPA;Estudantes Internacionais;estudantes-internacionais;Informações sobre internacionalização, apoio e acolhimento a estudantes estrangeiros na Universidade Federal de Ciências da Saúde de Porto Alegre (UFCSPA).;Região Sul;Rio Grande do Sul;Rio Grande do Sul (RS);https://www.gov.br/studyinbrazil/pt-br/instituicoes_brasileiras/regiao_sul/rio_grande_do_sul/ufcspa;UFCSPA
UFPel;Universidade;Federal;Pública;Universidade Federal de Pelotas;RS;Sul;estudantes-internacionais;Estudantes Internacionais na UFPel;Estudantes Internacionais;estudantes-internacionais;Informações sobre internacionalização, apoio e acolhimento a estudantes estrangeiros na Universidade Federal de Pelotas (UFPel).;Região Sul;Rio Grande do Sul;Rio Grande do Sul (RS);https://www.gov.br/studyinbrazil/pt-br/instituicoes_brasileiras/regiao_sul/rio_grande_do_sul/ufpel;UFPel
UFRGS;Universidade;Federal;Pública;Universidade Federal do Rio Grande do Sul;RS;Sul;estudantes-internacionais;Estudantes Internacionais na UFRGS;Estudantes Internacionais;estudantes-internacionais;Informações sobre internacionalização, apoio e acolhimento a estudantes estrangeiros na Universidade Federal do Rio Grande do Sul (UFRGS).;Região Sul;Rio Grande do Sul;Rio Grande do Sul (RS);https://www.gov.br/studyinbrazil/pt-br/instituicoes_brasileiras/regiao_sul/rio_grande_do_sul/ufrgs;UFRGS
UFSM;Universidade;Federal;Pública;Universidade Federal de Santa Maria;RS;Sul;estudantes-internacionais;Estudantes Internacionais na UFSM;Estudantes Internacionais;estudantes-internacionais;Informações sobre internacionalização, apoio e acolhimento a estudantes estrangeiros na Universidade Federal de Santa Maria (UFSM).;Região Sul;Rio Grande do Sul;Rio Grande do Sul (RS);https://www.gov.br/studyinbrazil/pt-br/instituicoes_brasileiras/regiao_sul/rio_grande_do_sul/ufsm;UFSM
UNIPAMPA;Universidade;Federal;Pública;Universidade Federal do Pampa;RS;Sul;estudantes-internacionais;Estudantes Internacionais na UNIPAMPA;Estudantes Internacionais;estudantes-internacionais;Informações sobre internacionalização, apoio e acolhimento a estudantes estrangeiros na Universidade Federal do Pampa (UNIPAMPA).;Região Sul;Rio Grande do Sul;Rio Grande do Sul (RS);https://www.gov.br/studyinbrazil/pt-br/instituicoes_brasileiras/regiao_sul/rio_grande_do_sul/unipampa;UNIPAMPA
UNIR;Universidade;Federal;Pública;Universidade Federal de Rondônia;RO;Norte;estudantes-internacionais;Estudantes Internacionais na UNIR;Estudantes Internacionais;estudantes-internacionais;Informações sobre internacionalização, apoio e acolhimento a estudantes estrangeiros na Universidade Federal de Rondônia (UNIR).;Região Norte;Rondônia;Rondônia (RO);https://www.gov.br/studyinbrazil/pt-br/instituicoes_brasileiras/regiao_norte/rondonia/unir;UNIR
UFRR;Universidade;Federal;Pública;Universidade Federal de Roraima;RR;Norte;estudantes-internacionais;Estudantes Internacionais na UFRR;Estudantes Internacionais;estudantes-internacionais;Informações sobre internacionalização, apoio e acolhimento a estudantes estrangeiros na Universidade Federal de Roraima (UFRR).;Região Norte;Roraima;Roraima (RR);https://www.gov.br/studyinbrazil/pt-br/instituicoes_brasileiras/regiao_norte/roraima/ufrr;UFRR
UFFS;Universidade;Federal;Pública;Universidade Federal da Fronteira Sul;SC;Sul;estudantes-internacionais;Estudantes Internacionais na UFFS;Estudantes Internacionais;estudantes-internacionais;Informações sobre internacionalização, apoio e acolhimento a estudantes estrangeiros na Universidade Federal da Fronteira Sul (UFFS).;Região Sul;Santa Catarina;Santa Catarina (SC);https://www.gov.br/studyinbrazil/pt-br/instituicoes_brasileiras/regiao_sul/santa_catarina/uffs;UFFS
UFSC;Universidade;Federal;Pública;Universidade Federal de Santa Catarina;SC;Sul;estudantes-internacionais;Estudantes Internacionais na UFSC;Estudantes Internacionais;estudantes-internacionais;Informações sobre internacionalização, apoio e acolhimento a estudantes estrangeiros na Universidade Federal de Santa Catarina (UFSC).;Região Sul;Santa Catarina;Santa Catarina (SC);https://www.gov.br/studyinbrazil/pt-br/instituicoes_brasileiras/regiao_sul/santa_catarina/ufsc;UFSC
UFABC;Universidade;Federal;Pública;Universidade Federal do ABC;SP;Sudeste;estudantes-internacionais;Estudantes Internacionais na UFABC;Estudantes Internacionais;estudantes-internacionais;Informações sobre internacionalização, apoio e acolhimento a estudantes estrangeiros na Universidade Federal do ABC (UFABC).;Região Sudeste;São Paulo;São Paulo (SP);https://www.gov.br/studyinbrazil/pt-br/instituicoes_brasileiras/regiao_sudeste/sao_paulo/ufabc;UFABC
UFSCar;Universidade;Federal;Pública;Universidade Federal de São Carlos;SP;Sudeste;estudantes-internacionais;Estudantes Internacionais na UFSCar;Estudantes Internacionais;estudantes-internacionais;Informações sobre internacionalização, apoio e acolhimento a estudantes estrangeiros na Universidade Federal de São Carlos (UFSCar).;Região Sudeste;São Paulo;São Paulo (SP);https://www.gov.br/studyinbrazil/pt-br/instituicoes_brasileiras/regiao_sudeste/sao_paulo/ufscar;UFSCar
UNIFESP;Universidade;Federal;Pública;Universidade Federal de São Paulo;SP;Sudeste;estudantes-internacionais;Estudantes Internacionais na UNIFESP;Estudantes Internacionais;estudantes-internacionais;Informações sobre internacionalização, apoio e acolhimento a estudantes estrangeiros na Universidade Federal de São Paulo (UNIFESP).;Região Sudeste;São Paulo;São Paulo (SP);https://www.gov.br/studyinbrazil/pt-br/instituicoes_brasileiras/regiao_sudeste/sao_paulo/unifesp;UNIFESP
UFS;Universidade;Federal;Pública;Universidade Federal de Sergipe;SE;Nordeste;estudantes-internacionais;Estudantes Internacionais na UFS;Estudantes Internacionais;estudantes-internacionais;Informações sobre internacionalização, apoio e acolhimento a estudantes estrangeiros na Universidade Federal de Sergipe (UFS).;Região Nordeste;Sergipe;Sergipe (SE);https://www.gov.br/studyinbrazil/pt-br/instituicoes_brasileiras/regiao_nordeste/sergipe/ufs;UFS
UFNT;Universidade;Federal;Pública;Universidade Federal do Norte do Tocantins;TO;Norte;estudantes-internacionais;Estudantes Internacionais na UFNT;Estudantes Internacionais;estudantes-internacionais;Informações sobre internacionalização, apoio e acolhimento a estudantes estrangeiros na Universidade Federal do Norte do Tocantins (UFNT).;Região Norte;Tocantins;Tocantins (TO);https://www.gov.br/studyinbrazil/pt-br/instituicoes_brasileiras/regiao_norte/tocantins/ufnt;UFNT
UFT;Universidade;Federal;Pública;Universidade Federal do Tocantins;TO;Norte;estudantes-internacionais;Estudantes Internacionais na UFT;Estudantes Internacionais;estudantes-internacionais;Informações sobre internacionalização, apoio e acolhimento a estudantes estrangeiros na Universidade Federal do Tocantins (UFT).;Região Norte;Tocantins;Tocantins (TO);https://www.gov.br/studyinbrazil/pt-br/instituicoes_brasileiras/regiao_norte/tocantins/uft;UFT
UFAC;Universidade;Federal;Pública;Universidade Federal do Acre;AC;Norte;vida_na_ies;Vida na UFAC;Vida na IES;vida-na-ies;Saiba como é a vida no campus e na cidade sede da Universidade Federal do Acre (UFAC).;Região Norte;Acre;Acre (AC);https://www.gov.br/studyinbrazil/pt-br/instituicoes_brasileiras/regiao_norte/acre/ufac;UFAC
UFAL;Universidade;Federal;Pública;Universidade Federal de Alagoas;AL;Nordeste;vida_na_ies;Vida na UFAL;Vida na IES;vida-na-ies;Saiba como é a vida no campus e na cidade sede da Universidade Federal de Alagoas (UFAL).;Região Nordeste;Alagoas;Alagoas (AL);https://www.gov.br/studyinbrazil/pt-br/instituicoes_brasileiras/regiao_nordeste/alagoas/ufal;UFAL
UNIFAP;Universidade;Federal;Pública;Universidade Federal do Amapá;AP;Norte;vida_na_ies;Vida na UNIFAP;Vida na IES;vida-na-ies;Saiba como é a vida no campus e na cidade sede da Universidade Federal do Amapá (UNIFAP).;Região Norte;Amapá;Amapá (AP);https://www.gov.br/studyinbrazil/pt-br/instituicoes_brasileiras/regiao_norte/amapa/unifap;UNIFAP
UFAM;Universidade;Federal;Pública;Universidade Federal do Amazonas;AM;Norte;vida_na_ies;Vida na UFAM;Vida na IES;vida-na-ies;Saiba como é a vida no campus e na cidade sede da Universidade Federal do Amazonas (UFAM).;Região Norte;Amazonas;Amazonas (AM);https://www.gov.br/studyinbrazil/pt-br/instituicoes_brasileiras/regiao_norte/amazonas/ufam;UFAM
UFBA;Universidade;Federal;Pública;Universidade Federal da Bahia;BA;Nordeste;vida_na_ies;Vida na UFBA;Vida na IES;vida-na-ies;Saiba como é a vida no campus e na cidade sede da Universidade Federal da Bahia (UFBA).;Região Nordeste;Bahia;Bahia (BA);https://www.gov.br/studyinbrazil/pt-br/instituicoes_brasileiras/regiao_nordeste/bahia/ufba;UFBA
UFOB;Universidade;Federal;Pública;Universidade Federal do Oeste da Bahia;BA;Nordeste;vida_na_ies;Vida na UFOB;Vida na IES;vida-na-ies;Saiba como é a vida no campus e na cidade sede da Universidade Federal do Oeste da Bahia (UFOB).;Região Nordeste;Bahia;Bahia (BA);https://www.gov.br/studyinbrazil/pt-br/instituicoes_brasileiras/regiao_nordeste/bahia/ufob;UFOB
UFRB;Universidade;Federal;Pública;Universidade Federal do Recôncavo da Bahia;BA;Nordeste;vida_na_ies;Vida na UFRB;Vida na IES;vida-na-ies;Saiba como é a vida no campus e na cidade sede da Universidade Federal do Recôncavo da Bahia (UFRB).;Região Nordeste;Bahia;Bahia (BA);https://www.gov.br/studyinbrazil/pt-br/instituicoes_brasileiras/regiao_nordeste/bahia/ufrb;UFRB
UFSB;Universidade;Federal;Pública;Universidade Federal do Sul da Bahia;BA;Nordeste;vida_na_ies;Vida na UFSB;Vida na IES;vida-na-ies;Saiba como é a vida no campus e na cidade sede da Universidade Federal do Sul da Bahia (UFSB).;Região Nordeste;Bahia;Bahia (BA);https://www.gov.br/studyinbrazil/pt-br/instituicoes_brasileiras/regiao_nordeste/bahia/ufsb;UFSB
UFC;Universidade;Federal;Pública;Universidade Federal do Ceará;CE;Nordeste;vida_na_ies;Vida na UFC;Vida na IES;vida-na-ies;Saiba como é a vida no campus e na cidade sede da Universidade Federal do Ceará (UFC).;Região Nordeste;Ceará;Ceará (CE);https://www.gov.br/studyinbrazil/pt-br/instituicoes_brasileiras/regiao_nordeste/ceara/ufc;UFC
UFCA;Universidade;Federal;Pública;Universidade Federal do Cariri;CE;Nordeste;vida_na_ies;Vida na UFCA;Vida na IES;vida-na-ies;Saiba como é a vida no campus e na cidade sede da Universidade Federal do Cariri (UFCA).;Região Nordeste;Ceará;Ceará (CE);https://www.gov.br/studyinbrazil/pt-br/instituicoes_brasileiras/regiao_nordeste/ceara/ufca;UFCA
UNILAB;Universidade;Federal;Pública;Universidade da Integração Internacional da Lusofonia Afro-Brasileira;CE;Nordeste;vida_na_ies;Vida na UNILAB;Vida na IES;vida-na-ies;Saiba como é a vida no campus e na cidade sede da Universidade da Integração Internacional da Lusofonia Afro-Brasileira (UNILAB).;Região Nordeste;Ceará;Ceará (CE);https://www.gov.br/studyinbrazil/pt-br/instituicoes_brasileiras/regiao_nordeste/ceara/unilab;UNILAB
UnB;Universidade;Federal;Pública;Universidade de Brasília;DF;Centro-Oeste;vida_na_ies;Vida na UnB;Vida na IES;vida-na-ies;Saiba como é a vida no campus e na cidade sede da Universidade de Brasília (UnB).;Região Centro-Oeste;Distrito Federal;Distrito Federal (DF);https://www.gov.br/studyinbrazil/pt-br/instituicoes_brasileiras/regiao_centro_oeste/distrito_federal/unb;UnB
UFES;Universidade;Federal;Pública;Universidade Federal do Espírito Santo;ES;Sudeste;vida_na_ies;Vida na UFES;Vida na IES;vida-na-ies;Saiba como é a vida no campus e na cidade sede da Universidade Federal do Espírito Santo (UFES).;Região Sudeste;Espírito Santo;Espírito Santo (ES);https://www.gov.br/studyinbrazil/pt-br/instituicoes_brasileiras/regiao_sudeste/espirito_santo/ufes;UFES
UFCAT;Universidade;Federal;Pública;Universidade Federal de Catalão;GO;Centro-Oeste;vida_na_ies;Vida na UFCAT;Vida na IES;vida-na-ies;Saiba como é a vida no campus e na cidade sede da Universidade Federal de Catalão (UFCAT).;Região Centro-Oeste;Goiás;Goiás (GO);https://www.gov.br/studyinbrazil/pt-br/instituicoes_brasileiras/regiao_centro_oeste/goias/ufcat;UFCAT
UFG;Universidade;Federal;Pública;Universidade Federal de Goiás;GO;Centro-Oeste;vida_na_ies;Vida na UFG;Vida na IES;vida-na-ies;Saiba como é a vida no campus e na cidade sede da Universidade Federal de Goiás (UFG).;Região Centro-Oeste;Goiás;Goiás (GO);https://www.gov.br/studyinbrazil/pt-br/instituicoes_brasileiras/regiao_centro_oeste/goias/ufg;UFG
UFJ;Universidade;Federal;Pública;Universidade Federal de Jataí;GO;Centro-Oeste;vida_na_ies;Vida na UFJ;Vida na IES;vida-na-ies;Saiba como é a vida no campus e na cidade sede da Universidade Federal de Jataí (UFJ).;Região Centro-Oeste;Goiás;Goiás (GO);https://www.gov.br/studyinbrazil/pt-br/instituicoes_brasileiras/regiao_centro_oeste/goias/ufj;UFJ
UFMA;Universidade;Federal;Pública;Universidade Federal do Maranhão;MA;Nordeste;vida_na_ies;Vida na UFMA;Vida na IES;vida-na-ies;Saiba como é a vida no campus e na cidade sede da Universidade Federal do Maranhão (UFMA).;Região Nordeste;Maranhão;Maranhão (MA);https://www.gov.br/studyinbrazil/pt-br/instituicoes_brasileiras/regiao_nordeste/maranhao/ufma;UFMA
UFMT;Universidade;Federal;Pública;Universidade Federal de Mato Grosso;MT;Centro-Oeste;vida_na_ies;Vida na UFMT;Vida na IES;vida-na-ies;Saiba como é a vida no campus e na cidade sede da Universidade Federal de Mato Grosso (UFMT).;Região Centro-Oeste;Mato Grosso;Mato Grosso (MT);https://www.gov.br/studyinbrazil/pt-br/instituicoes_brasileiras/regiao_centro_oeste/mato_grosso/ufmt;UFMT
UFR;Universidade;Federal;Pública;Universidade Federal de Rondonópolis;MT;Centro-Oeste;vida_na_ies;Vida na UFR;Vida na IES;vida-na-ies;Saiba como é a vida no campus e na cidade sede da Universidade Federal de Rondonópolis (UFR).;Região Centro-Oeste;Mato Grosso;Mato Grosso (MT);https://www.gov.br/studyinbrazil/pt-br/instituicoes_brasileiras/regiao_centro_oeste/mato_grosso/ufr;UFR
UFGD;Universidade;Federal;Pública;Universidade Federal da Grande Dourados;MS;Centro-Oeste;vida_na_ies;Vida na UFGD;Vida na IES;vida-na-ies;Saiba como é a vida no campus e na cidade sede da Universidade Federal da Grande Dourados (UFGD).;Região Centro-Oeste;Mato Grosso do Sul;Mato Grosso do Sul (MS);https://www.gov.br/studyinbrazil/pt-br/instituicoes_brasileiras/regiao_centro_oeste/mato_grosso_do_sul/ufgd;UFGD
UFMS;Universidade;Federal;Pública;Universidade Federal de Mato Grosso do Sul;MS;Centro-Oeste;vida_na_ies;Vida na UFMS;Vida na IES;vida-na-ies;Saiba como é a vida no campus e na cidade sede da Universidade Federal de Mato Grosso do Sul (UFMS).;Região Centro-Oeste;Mato Grosso do Sul;Mato Grosso do Sul (MS);https://www.gov.br/studyinbrazil/pt-br/instituicoes_brasileiras/regiao_centro_oeste/mato_grosso_do_sul/ufms;UFMS
CEFET_MG;Centro de Educação Tecnológica;Federal;Pública;Centro Federal de Educação Tecnológica de Minas Gerais;MG;Sudeste;vida_na_ies;Vida na CEFET_MG;Vida na IES;vida-na-ies;Saiba como é a vida no campus e na cidade sede da Centro Federal de Educação Tecnológica de Minas Gerais (CEFET_MG).;Região Sudeste;Minas Gerais;Minas Gerais (MG);https://www.gov.br/studyinbrazil/pt-br/instituicoes_brasileiras/regiao_sudeste/minas_gerais/cefet_mg;CEFET_MG
UFJF;Universidade;Federal;Pública;Universidade Federal de Juiz de Fora;MG;Sudeste;vida_na_ies;Vida na UFJF;Vida na IES;vida-na-ies;Saiba como é a vida no campus e na cidade sede da Universidade Federal de Juiz de Fora (UFJF).;Região Sudeste;Minas Gerais;Minas Gerais (MG);https://www.gov.br/studyinbrazil/pt-br/instituicoes_brasileiras/regiao_sudeste/minas_gerais/ufjf;UFJF
UFLA;Universidade;Federal;Pública;Universidade Federal de Lavras;MG;Sudeste;vida_na_ies;Vida na UFLA;Vida na IES;vida-na-ies;Saiba como é a vida no campus e na cidade sede da Universidade Federal de Lavras (UFLA).;Região Sudeste;Minas Gerais;Minas Gerais (MG);https://www.gov.br/studyinbrazil/pt-br/instituicoes_brasileiras/regiao_sudeste/minas_gerais/ufla;UFLA
UFMG;Universidade;Federal;Pública;Universidade Federal de Minas Gerais;MG;Sudeste;vida_na_ies;Vida na UFMG;Vida na IES;vida-na-ies;Saiba como é a vida no campus e na cidade sede da Universidade Federal de Minas Gerais (UFMG).;Região Sudeste;Minas Gerais;Minas Gerais (MG);https://www.gov.br/studyinbrazil/pt-br/instituicoes_brasileiras/regiao_sudeste/minas_gerais/ufmg;UFMG
UFOP;Universidade;Federal;Pública;Universidade Federal de Ouro Preto;MG;Sudeste;vida_na_ies;Vida na UFOP;Vida na IES;vida-na-ies;Saiba como é a vida no campus e na cidade sede da Universidade Federal de Ouro Preto (UFOP).;Região Sudeste;Minas Gerais;Minas Gerais (MG);https://www.gov.br/studyinbrazil/pt-br/instituicoes_brasileiras/regiao_sudeste/minas_gerais/ufop;UFOP
UFSJ;Universidade;Federal;Pública;Universidade Federal de São João del-Rei;MG;Sudeste;vida_na_ies;Vida na UFSJ;Vida na IES;vida-na-ies;Saiba como é a vida no campus e na cidade sede da Universidade Federal de São João del-Rei (UFSJ).;Região Sudeste;Minas Gerais;Minas Gerais (MG);https://www.gov.br/studyinbrazil/pt-br/instituicoes_brasileiras/regiao_sudeste/minas_gerais/ufsj;UFSJ
UFTM;Universidade;Federal;Pública;Universidade Federal do Triângulo Mineiro;MG;Sudeste;vida_na_ies;Vida na UFTM;Vida na IES;vida-na-ies;Saiba como é a vida no campus e na cidade sede da Universidade Federal do Triângulo Mineiro (UFTM).;Região Sudeste;Minas Gerais;Minas Gerais (MG);https://www.gov.br/studyinbrazil/pt-br/instituicoes_brasileiras/regiao_sudeste/minas_gerais/uftm;UFTM
UFU;Universidade;Federal;Pública;Universidade Federal de Uberlândia;MG;Sudeste;vida_na_ies;Vida na UFU;Vida na IES;vida-na-ies;Saiba como é a vida no campus e na cidade sede da Universidade Federal de Uberlândia (UFU).;Região Sudeste;Minas Gerais;Minas Gerais (MG);https://www.gov.br/studyinbrazil/pt-br/instituicoes_brasileiras/regiao_sudeste/minas_gerais/ufu;UFU
UFV;Universidade;Federal;Pública;Universidade Federal de Viçosa;MG;Sudeste;vida_na_ies;Vida na UFV;Vida na IES;vida-na-ies;Saiba como é a vida no campus e na cidade sede da Universidade Federal de Viçosa (UFV).;Região Sudeste;Minas Gerais;Minas Gerais (MG);https://www.gov.br/studyinbrazil/pt-br/instituicoes_brasileiras/regiao_sudeste/minas_gerais/ufv;UFV
UFVJM;Universidade;Federal;Pública;Universidade Federal dos Vales do Jequitinhonha e Mucuri;MG;Sudeste;vida_na_ies;Vida na UFVJM;Vida na IES;vida-na-ies;Saiba como é a vida no campus e na cidade sede da Universidade Federal dos Vales do Jequitinhonha e Mucuri (UFVJM).;Região Sudeste;Minas Gerais;Minas Gerais (MG);https://www.gov.br/studyinbrazil/pt-br/instituicoes_brasileiras/regiao_sudeste/minas_gerais/ufvjm;UFVJM
UNIFAL;Universidade;Federal;Pública;Universidade Federal de Alfenas;MG;Sudeste;vida_na_ies;Vida na UNIFAL;Vida na IES;vida-na-ies;Saiba como é a vida no campus e na cidade sede da Universidade Federal de Alfenas (UNIFAL).;Região Sudeste;Minas Gerais;Minas Gerais (MG);https://www.gov.br/studyinbrazil/pt-br/instituicoes_brasileiras/regiao_sudeste/minas_gerais/unifal;UNIFAL
UNIFEI;Universidade;Federal;Pública;Universidade Federal de Itajubá;MG;Sudeste;vida_na_ies;Vida na UNIFEI;Vida na IES;vida-na-ies;Saiba como é a vida no campus e na cidade sede da Universidade Federal de Itajubá (UNIFEI).;Região Sudeste;Minas Gerais;Minas Gerais (MG);https://www.gov.br/studyinbrazil/pt-br/instituicoes_brasileiras/regiao_sudeste/minas_gerais/unifei;UNIFEI
UFOPA;Universidade;Federal;Pública;Universidade Federal do Oeste do Pará;PA;Norte;vida_na_ies;Vida na UFOPA;Vida na IES;vida-na-ies;Saiba como é a vida no campus e na cidade sede da Universidade Federal do Oeste do Pará (UFOPA).;Região Norte;Pará;Pará (PA);https://www.gov.br/studyinbrazil/pt-br/instituicoes_brasileiras/regiao_norte/para/ufopa;UFOPA
UFPA;Universidade;Federal;Pública;Universidade Federal do Pará;PA;Norte;vida_na_ies;Vida na UFPA;Vida na IES;vida-na-ies;Saiba como é a vida no campus e na cidade sede da Universidade Federal do Pará (UFPA).;Região Norte;Pará;Pará (PA);https://www.gov.br/studyinbrazil/pt-br/instituicoes_brasileiras/regiao_norte/para/ufpa;UFPA
UFRA;Universidade;Federal;Pública;Universidade Federal Rural da Amazônia;PA;Norte;vida_na_ies;Vida na UFRA;Vida na IES;vida-na-ies;Saiba como é a vida no campus e na cidade sede da Universidade Federal Rural da Amazônia (UFRA).;Região Norte;Pará;Pará (PA);https://www.gov.br/studyinbrazil/pt-br/instituicoes_brasileiras/regiao_norte/para/ufra;UFRA
UNIFESSPA;Universidade;Federal;Pública;Universidade Federal do Sul e Sudeste do Pará;PA;Norte;vida_na_ies;Vida na UNIFESSPA;Vida na IES;vida-na-ies;Saiba como é a vida no campus e na cidade sede da Universidade Federal do Sul e Sudeste do Pará (UNIFESSPA).;Região Norte;Pará;Pará (PA);https://www.gov.br/studyinbrazil/pt-br/instituicoes_brasileiras/regiao_norte/para/unifesspa;UNIFESSPA
UFCG;Universidade;Federal;Pública;Universidade Federal de Campina Grande;PB;Nordeste;vida_na_ies;Vida na UFCG;Vida na IES;vida-na-ies;Saiba como é a vida no campus e na cidade sede da Universidade Federal de Campina Grande (UFCG).;Região Nordeste;Paraíba;Paraíba (PB);https://www.gov.br/studyinbrazil/pt-br/instituicoes_brasileiras/regiao_nordeste/paraiba/ufcg;UFCG
UFPB;Universidade;Federal;Pública;Universidade Federal da Paraíba;PB;Nordeste;vida_na_ies;Vida na UFPB;Vida na IES;vida-na-ies;Saiba como é a vida no campus e na cidade sede da Universidade Federal da Paraíba (UFPB).;Região Nordeste;Paraíba;Paraíba (PB);https://www.gov.br/studyinbrazil/pt-br/instituicoes_brasileiras/regiao_nordeste/paraiba/ufpb;UFPB
UFPR;Universidade;Federal;Pública;Universidade Federal do Paraná;PR;Sul;vida_na_ies;Vida na UFPR;Vida na IES;vida-na-ies;Saiba como é a vida no campus e na cidade sede da Universidade Federal do Paraná (UFPR).;Região Sul;Paraná;Paraná (PR);https://www.gov.br/studyinbrazil/pt-br/instituicoes_brasileiras/regiao_sul/parana/ufpr;UFPR
UNILA;Universidade;Federal;Pública;Universidade Federal da Integração Latino-Americana;PR;Sul;vida_na_ies;Vida na UNILA;Vida na IES;vida-na-ies;Saiba como é a vida no campus e na cidade sede da Universidade Federal da Integração Latino-Americana (UNILA).;Região Sul;Paraná;Paraná (PR);https://www.gov.br/studyinbrazil/pt-br/instituicoes_brasileiras/regiao_sul/parana/unila;UNILA
UTFPR;Universidade;Federal;Pública;Universidade Tecnológica Federal do Paraná;PR;Sul;vida_na_ies;Vida na UTFPR;Vida na IES;vida-na-ies;Saiba como é a vida no campus e na cidade sede da Universidade Tecnológica Federal do Paraná (UTFPR).;Região Sul;Paraná;Paraná (PR);https://www.gov.br/studyinbrazil/pt-br/instituicoes_brasileiras/regiao_sul/parana/utfpr;UTFPR
UFAPE;Universidade;Federal;Pública;Universidade Federal do Agreste de Pernambuco;PE;Nordeste;vida_na_ies;Vida na UFAPE;Vida na IES;vida-na-ies;Saiba como é a vida no campus e na cidade sede da Universidade Federal do Agreste de Pernambuco (UFAPE).;Região Nordeste;Pernambuco;Pernambuco (PE);https://www.gov.br/studyinbrazil/pt-br/instituicoes_brasileiras/regiao_nordeste/pernambuco/ufape;UFAPE
UFPE;Universidade;Federal;Pública;Universidade Federal de Pernambuco;PE;Nordeste;vida_na_ies;Vida na UFPE;Vida na IES;vida-na-ies;Saiba como é a vida no campus e na cidade sede da Universidade Federal de Pernambuco (UFPE).;Região Nordeste;Pernambuco;Pernambuco (PE);https://www.gov.br/studyinbrazil/pt-br/instituicoes_brasileiras/regiao_nordeste/pernambuco/ufpe;UFPE
UFRPE;Universidade;Federal;Pública;Universidade Federal Rural de Pernambuco;PE;Nordeste;vida_na_ies;Vida na UFRPE;Vida na IES;vida-na-ies;Saiba como é a vida no campus e na cidade sede da Universidade Federal Rural de Pernambuco (UFRPE).;Região Nordeste;Pernambuco;Pernambuco (PE);https://www.gov.br/studyinbrazil/pt-br/instituicoes_brasileiras/regiao_nordeste/pernambuco/ufrpe;UFRPE
UNIVASF;Universidade;Federal;Pública;Fundação Universidade Federal do Vale do São Francisco;PE;Nordeste;vida_na_ies;Vida na UNIVASF;Vida na IES;vida-na-ies;Saiba como é a vida no campus e na cidade sede da Fundação Universidade Federal do Vale do São Francisco (UNIVASF).;Região Nordeste;Pernambuco;Pernambuco (PE);https://www.gov.br/studyinbrazil/pt-br/instituicoes_brasileiras/regiao_nordeste/pernambuco/univasf;UNIVASF
UFDPAR;Universidade;Federal;Pública;Universidade Federal do Delta do Parnaíba;PI;Nordeste;vida_na_ies;Vida na UFDPAR;Vida na IES;vida-na-ies;Saiba como é a vida no campus e na cidade sede da Universidade Federal do Delta do Parnaíba (UFDPAR).;Região Nordeste;Piauí;Piauí (PI);https://www.gov.br/studyinbrazil/pt-br/instituicoes_brasileiras/regiao_nordeste/piaui/ufdpar;UFDPAR
UFPI;Universidade;Federal;Pública;Universidade Federal do Piauí;PI;Nordeste;vida_na_ies;Vida na UFPI;Vida na IES;vida-na-ies;Saiba como é a vida no campus e na cidade sede da Universidade Federal do Piauí (UFPI).;Região Nordeste;Piauí;Piauí (PI);https://www.gov.br/studyinbrazil/pt-br/instituicoes_brasileiras/regiao_nordeste/piaui/ufpi;UFPI
CEFET_RJ;Centro de Educação Tecnológica;Federal;Pública;Centro Federal de Educação Tecnológica Celso Suckow da Fonseca;RJ;Sudeste;vida_na_ies;Vida na CEFET_RJ;Vida na IES;vida-na-ies;Saiba como é a vida no campus e na cidade sede da Centro Federal de Educação Tecnológica Celso Suckow da Fonseca (CEFET_RJ).;Região Sudeste;Rio de Janeiro;Rio de Janeiro (RJ);https://www.gov.br/studyinbrazil/pt-br/instituicoes_brasileiras/regiao_sudeste/rio_de_janeiro/cefet_rj;CEFET_RJ
UFF;Universidade;Federal;Pública;Universidade Federal Fluminense;RJ;Sudeste;vida_na_ies;Vida na UFF;Vida na IES;vida-na-ies;Saiba como é a vida no campus e na cidade sede da Universidade Federal Fluminense (UFF).;Região Sudeste;Rio de Janeiro;Rio de Janeiro (RJ);https://www.gov.br/studyinbrazil/pt-br/instituicoes_brasileiras/regiao_sudeste/rio_de_janeiro/uff;UFF
UFRJ;Universidade;Federal;Pública;Universidade Federal do Rio de Janeiro;RJ;Sudeste;vida_na_ies;Vida na UFRJ;Vida na IES;vida-na-ies;Saiba como é a vida no campus e na cidade sede da Universidade Federal do Rio de Janeiro (UFRJ).;Região Sudeste;Rio de Janeiro;Rio de Janeiro (RJ);https://www.gov.br/studyinbrazil/pt-br/instituicoes_brasileiras/regiao_sudeste/rio_de_janeiro/ufrj;UFRJ
UFRRJ;Universidade;Federal;Pública;Universidade Federal Rural do Rio de Janeiro;RJ;Sudeste;vida_na_ies;Vida na UFRRJ;Vida na IES;vida-na-ies;Saiba como é a vida no campus e na cidade sede da Universidade Federal Rural do Rio de Janeiro (UFRRJ).;Região Sudeste;Rio de Janeiro;Rio de Janeiro (RJ);https://www.gov.br/studyinbrazil/pt-br/instituicoes_brasileiras/regiao_sudeste/rio_de_janeiro/ufrrj;UFRRJ
UNIRIO;Universidade;Federal;Pública;Universidade Federal do Estado do Rio de Janeiro;RJ;Sudeste;vida_na_ies;Vida na UNIRIO;Vida na IES;vida-na-ies;Saiba como é a vida no campus e na cidade sede da Universidade Federal do Estado do Rio de Janeiro (UNIRIO).;Região Sudeste;Rio de Janeiro;Rio de Janeiro (RJ);https://www.gov.br/studyinbrazil/pt-br/instituicoes_brasileiras/regiao_sudeste/rio_de_janeiro/unirio;UNIRIO
UFERSA;Universidade;Federal;Pública;Universidade Federal Rural do Semi-Árido;RN;Nordeste;vida_na_ies;Vida na UFERSA;Vida na IES;vida-na-ies;Saiba como é a vida no campus e na cidade sede da Universidade Federal Rural do Semi-Árido (UFERSA).;Região Nordeste;Rio Grande do Norte;Rio Grande do Norte (RN);https://www.gov.br/studyinbrazil/pt-br/instituicoes_brasileiras/regiao_nordeste/rio_grande_do_norte/ufersa;UFERSA
UFRN;Universidade;Federal;Pública;Universidade Federal do Rio Grande do Norte;RN;Nordeste;vida_na_ies;Vida na UFRN;Vida na IES;vida-na-ies;Saiba como é a vida no campus e na cidade sede da Universidade Federal do Rio Grande do Norte (UFRN).;Região Nordeste;Rio Grande do Norte;Rio Grande do Norte (RN);https://www.gov.br/studyinbrazil/pt-br/instituicoes_brasileiras/regiao_nordeste/rio_grande_do_norte/ufrn;UFRN
FURG;Universidade;Federal;Pública;Universidade Federal do Rio Grande;RS;Sul;vida_na_ies;Vida na FURG;Vida na IES;vida-na-ies;Saiba como é a vida no campus e na cidade sede da Universidade Federal do Rio Grande (FURG).;Região Sul;Rio Grande do Sul;Rio Grande do Sul (RS);https://www.gov.br/studyinbrazil/pt-br/instituicoes_brasileiras/regiao_sul/rio_grande_do_sul/furg;FURG
UFCSPA;Universidade;Federal;Pública;Universidade Federal de Ciências da Saúde de Porto Alegre;RS;Sul;vida_na_ies;Vida na UFCSPA;Vida na IES;vida-na-ies;Saiba como é a vida no campus e na cidade sede da Universidade Federal de Ciências da Saúde de Porto Alegre (UFCSPA).;Região Sul;Rio Grande do Sul;Rio Grande do Sul (RS);https://www.gov.br/studyinbrazil/pt-br/instituicoes_brasileiras/regiao_sul/rio_grande_do_sul/ufcspa;UFCSPA
UFPel;Universidade;Federal;Pública;Universidade Federal de Pelotas;RS;Sul;vida_na_ies;Vida na UFPel;Vida na IES;vida-na-ies;Saiba como é a vida no campus e na cidade sede da Universidade Federal de Pelotas (UFPel).;Região Sul;Rio Grande do Sul;Rio Grande do Sul (RS);https://www.gov.br/studyinbrazil/pt-br/instituicoes_brasileiras/regiao_sul/rio_grande_do_sul/ufpel;UFPel
UFRGS;Universidade;Federal;Pública;Universidade Federal do Rio Grande do Sul;RS;Sul;vida_na_ies;Vida na UFRGS;Vida na IES;vida-na-ies;Saiba como é a vida no campus e na cidade sede da Universidade Federal do Rio Grande do Sul (UFRGS).;Região Sul;Rio Grande do Sul;Rio Grande do Sul (RS);https://www.gov.br/studyinbrazil/pt-br/instituicoes_brasileiras/regiao_sul/rio_grande_do_sul/ufrgs;UFRGS
UFSM;Universidade;Federal;Pública;Universidade Federal de Santa Maria;RS;Sul;vida_na_ies;Vida na UFSM;Vida na IES;vida-na-ies;Saiba como é a vida no campus e na cidade sede da Universidade Federal de Santa Maria (UFSM).;Região Sul;Rio Grande do Sul;Rio Grande do Sul (RS);https://www.gov.br/studyinbrazil/pt-br/instituicoes_brasileiras/regiao_sul/rio_grande_do_sul/ufsm;UFSM
UNIPAMPA;Universidade;Federal;Pública;Universidade Federal do Pampa;RS;Sul;vida_na_ies;Vida na UNIPAMPA;Vida na IES;vida-na-ies;Saiba como é a vida no campus e na cidade sede da Universidade Federal do Pampa (UNIPAMPA).;Região Sul;Rio Grande do Sul;Rio Grande do Sul (RS);https://www.gov.br/studyinbrazil/pt-br/instituicoes_brasileiras/regiao_sul/rio_grande_do_sul/unipampa;UNIPAMPA
UNIR;Universidade;Federal;Pública;Universidade Federal de Rondônia;RO;Norte;vida_na_ies;Vida na UNIR;Vida na IES;vida-na-ies;Saiba como é a vida no campus e na cidade sede da Universidade Federal de Rondônia (UNIR).;Região Norte;Rondônia;Rondônia (RO);https://www.gov.br/studyinbrazil/pt-br/instituicoes_brasileiras/regiao_norte/rondonia/unir;UNIR
UFRR;Universidade;Federal;Pública;Universidade Federal de Roraima;RR;Norte;vida_na_ies;Vida na UFRR;Vida na IES;vida-na-ies;Saiba como é a vida no campus e na cidade sede da Universidade Federal de Roraima (UFRR).;Região Norte;Roraima;Roraima (RR);https://www.gov.br/studyinbrazil/pt-br/instituicoes_brasileiras/regiao_norte/roraima/ufrr;UFRR
UFFS;Universidade;Federal;Pública;Universidade Federal da Fronteira Sul;SC;Sul;vida_na_ies;Vida na UFFS;Vida na IES;vida-na-ies;Saiba como é a vida no campus e na cidade sede da Universidade Federal da Fronteira Sul (UFFS).;Região Sul;Santa Catarina;Santa Catarina (SC);https://www.gov.br/studyinbrazil/pt-br/instituicoes_brasileiras/regiao_sul/santa_catarina/uffs;UFFS
UFSC;Universidade;Federal;Pública;Universidade Federal de Santa Catarina;SC;Sul;vida_na_ies;Vida na UFSC;Vida na IES;vida-na-ies;Saiba como é a vida no campus e na cidade sede da Universidade Federal de Santa Catarina (UFSC).;Região Sul;Santa Catarina;Santa Catarina (SC);https://www.gov.br/studyinbrazil/pt-br/instituicoes_brasileiras/regiao_sul/santa_catarina/ufsc;UFSC
UFABC;Universidade;Federal;Pública;Universidade Federal do ABC;SP;Sudeste;vida_na_ies;Vida na UFABC;Vida na IES;vida-na-ies;Saiba como é a vida no campus e na cidade sede da Universidade Federal do ABC (UFABC).;Região Sudeste;São Paulo;São Paulo (SP);https://www.gov.br/studyinbrazil/pt-br/instituicoes_brasileiras/regiao_sudeste/sao_paulo/ufabc;UFABC
UFSCar;Universidade;Federal;Pública;Universidade Federal de São Carlos;SP;Sudeste;vida_na_ies;Vida na UFSCar;Vida na IES;vida-na-ies;Saiba como é a vida no campus e na cidade sede da Universidade Federal de São Carlos (UFSCar).;Região Sudeste;São Paulo;São Paulo (SP);https://www.gov.br/studyinbrazil/pt-br/instituicoes_brasileiras/regiao_sudeste/sao_paulo/ufscar;UFSCar
UNIFESP;Universidade;Federal;Pública;Universidade Federal de São Paulo;SP;Sudeste;vida_na_ies;Vida na UNIFESP;Vida na IES;vida-na-ies;Saiba como é a vida no campus e na cidade sede da Universidade Federal de São Paulo (UNIFESP).;Região Sudeste;São Paulo;São Paulo (SP);https://www.gov.br/studyinbrazil/pt-br/instituicoes_brasileiras/regiao_sudeste/sao_paulo/unifesp;UNIFESP
UFS;Universidade;Federal;Pública;Universidade Federal de Sergipe;SE;Nordeste;vida_na_ies;Vida na UFS;Vida na IES;vida-na-ies;Saiba como é a vida no campus e na cidade sede da Universidade Federal de Sergipe (UFS).;Região Nordeste;Sergipe;Sergipe (SE);https://www.gov.br/studyinbrazil/pt-br/instituicoes_brasileiras/regiao_nordeste/sergipe/ufs;UFS
UFNT;Universidade;Federal;Pública;Universidade Federal do Norte do Tocantins;TO;Norte;vida_na_ies;Vida na UFNT;Vida na IES;vida-na-ies;Saiba como é a vida no campus e na cidade sede da Universidade Federal do Norte do Tocantins (UFNT).;Região Norte;Tocantins;Tocantins (TO);https://www.gov.br/studyinbrazil/pt-br/instituicoes_brasileiras/regiao_norte/tocantins/ufnt;UFNT
UFT;Universidade;Federal;Pública;Universidade Federal do Tocantins;TO;Norte;vida_na_ies;Vida na UFT;Vida na IES;vida-na-ies;Saiba como é a vida no campus e na cidade sede da Universidade Federal do Tocantins (UFT).;Região Norte;Tocantins;Tocantins (TO);https://www.gov.br/studyinbrazil/pt-br/instituicoes_brasileiras/regiao_norte/tocantins/uft;UFT
