Baixar;Tratar;Metadados;Renomear;V. final sharepoint;Sigla;Nome do arquivo;Título PT-BR;Descrição PT-BR;Legenda PT-BR;Texto alt PT-BR;Título Inglês;Descrição Inglês;Legenda Inglês;Texto alt Inglês;Título Espanhol;Descrição Espanhol;Legenda Espanhol ;Texto alt Espanhol;;
OK;;;;;CEFET_RJ;CEFE-RJ_00;;;;;;;;;;;;;_00;Logo (fundo branco sem texto de preferência)
OK;;;;;CEFET_RJ;CEFET-RJ_01;;;;;;;;;;;;;_01;Principal (1200x800)
OK;;;;;CEFET_RJ;CEFET-RJ_02;;;;;;;;;;;;;_02;Carrossel 1 (1920x640)
OK;;;;;CEFET_RJ;CEFET-RJ_03;;;;;;;;;;;;;_03;Carrossel 2 (1920x640)
OK;;;;;CEFET_RJ;CEFET-RJ_04;;;;;;;;;;;;;_04;Carrossel 3 (1920x640)
OK;;parcial;;;CEFET_MG;CEFET_MG_00;logotipo do CEFET-MG;logotipo do CEFET-MG;logotipo do CEFET-MG;logotipo do CEFET-MG;;;;;;;;;;
OK;;;;;CEFET_MG;CEFET_MG_01;;foto da fachada da entrada do CEFET-MG;Entrada do CEFET-MG;foto da fachada da entrada do CEFET-MG;;;;;;;;;;
OK;;;;;CEFET_MG;CEFET_MG_02;;;;;;;;;;;;;;
OK;;;;;CEFET_MG;CEFET_MG_03;;;;;;;;;;;;;;
OK;;;;;CEFET_MG;CEFET_MG_04;;;;;;;;;;;;;;
;;OK;;;FURG;FURG_00;Logomarca oficial da Universidade Federal do Rio Grande (FURG);A imagem apresenta o símbolo gráfico estilizado da Universidade Federal do Rio Grande em fundo transparente. O logotipo geométrico combina formas abstratas nas cores amarelo, vermelho-escuro e laranja dispostas de forma simétrica.;Logomarca oficial da Universidade Federal do Rio Grande. Foto: site FURG.;Logotipo geométrico e estilizado da FURG composto por formas simétricas nas cores amarelo, vermelho e laranja.;Official logo of the Federal University of Rio Grande (FURG);The image displays the stylized graphic symbol of the Federal University of Rio Grande on a transparent background. The geometric logo combines abstract shapes in yellow, dark red, and orange arranged symmetrically.;Official logo of the Federal University of Rio Grande. Photo: FURG website.;Stylized geometric FURG logo composed of symmetrical shapes in yellow, red, and orange.;Logotipo oficial de la Universidad Federal de Rio Grande (FURG);La imagen muestra el símbolo gráfico estilizado de la Universidad Federal de Rio Grande sobre fondo transparente. El logotipo geométrico combina formas abstractas en tonos amarillo, rojo oscuro y naranja dispuestas de forma simétrica.;Logotipo oficial de la Universidad Federal de Rio Grande. Foto: sitio web de FURG.;Logotipo geométrico y estilizado de la FURG compuesto por formas simétricas en amarillo, rojo y naranja.;;
OK;OK;OK;;;FURG;FURG_01;Pórtico de entrada do campus Carreiros da FURG;"A imagem mostra a entrada principal do campus Carreiros da Universidade Federal do Rio Grande. O pórtico possui uma grande estrutura metálica curva com cobertura translúcida, exibindo o letreiro ""UNIVERSIDADE FEDERAL DO RIO GRANDE - FURG"" e a logomarca no topo, sobre a guarita de controle.";Pórtico de entrada do campus Carreiros da FURG. Foto: site FURG.;"Pórtico metálico curvado com cobertura translúcida e a inscrição ""UNIVERSIDADE FEDERAL DO RIO GRANDE - FURG"".";Entrance archway of the FURG Carreiros campus;"The image displays the main entrance to the Carreiros campus of the Federal University of Rio Grande. The archway features a large curved metal structure with a translucent roof, displaying the text ""UNIVERSIDADE FEDERAL DO RIO GRANDE - FURG"" and the logo at the top above the security booth.";Entrance archway of the FURG Carreiros campus. Photo: FURG website.;"Curved metallic entrance archway with translucent roofing displaying the text ""UNIVERSIDADE FEDERAL DO RIO GRANDE - FURG"".";Pórtico de entrada del campus Carreiros de la FURG;"La imagen muestra la entrada principal del campus Carreiros de la Universidad Federal de Rio Grande. El pórtico presenta una gran estructura metálica curva con cubierta translúcida, exibiendo la inscripción ""UNIVERSIDADE FEDERAL DO RIO GRANDE - FURG"" y el logotipo en la parte superior, sobre la garita de control.";Pórtico de entrada del campus Carreiros de la FURG. Foto: sitio web de FURG.;"Pórtico metálico curvo con cubierta translúcida y la inscripción ""UNIVERSIDADE FEDERAL DO RIO GRANDE - FURG"".";;
OK;OK;OK;;;FURG;FURG_02;"Pórtico metálico curvado com cobertura translúcida e a inscrição ""UNIVERSIDADE FEDERAL DO RIO GRANDE - FURG"".";A imagem apresenta uma vista aérea panorâmica do complexo do Hospital Universitário Doutor Miguel Riet Corrêa Junior, ligado à FURG. Destacam-se as edificações hospitalares, avenidas circundantes com estacionamento de veículos e a paisagem urbana da cidade com o corpo d'água ao fundo sob luz solar intensa.;Vista aérea do Hospital Universitário da FURG em Rio Grande. Foto: Jorgito Santos/site FURG.;Vista aérea do complexo hospitalar universitário com prédios modernos, vias arborizadas, estacionamento de carros e mar ao fundo.;Aerial view of the Dr. Miguel Riet Corrêa Jr. University Hospital at FURG;The image presents a panoramic aerial view of the Dr. Miguel Riet Corrêa Jr. University Hospital complex, affiliated with FURG. It features hospital buildings, surrounding avenues with parking areas, and the urban landscape with the waterfront in the background under bright sunlight.;Aerial view of the FURG University Hospital in Rio Grande. Photo: Jorgito Santos/FURG website.;Aerial view of a university hospital complex with modern buildings, tree-lined streets, parking spaces, and the sea in the background.;Vista aérea del Hospital Universitario Dr. Miguel Riet Corrêa Jr. de la FURG;La imagen presenta una vista aérea panorámica del complejo del Hospital Universitario Doctor Miguel Riet Corrêa Junior, vinculado a la FURG. Destacan los edificios hospitalarios, avenidas circundantes con estacionamientos y el paisaje urbano de la ciudad con la costa al fondo bajo sol intenso.;Vista aérea del Hospital Universitario de la FURG en Rio Grande. Foto: Jorgito Santos/sitio web de FURG.;Vista aérea del complejo hospitalario universitario con edificios modernos, vías arboladas, aparcamiento de coches y mar al fondo.;;
OK;OK;OK;;;FURG;FURG_03;Portaria e acesso principal do campus Carreiros da FURG;"A imagem mostra a portaria de acesso ao campus Carreiros da Universidade Federal do Rio Grande. Em primeiro plano à direita, destaca-se um totem com o logotipo e a sigla ""FURG"", acompanhado por mastros com as bandeiras do Brasil, do Rio Grande do Sul e da universidade hasteadas.";Portaria de acesso ao campus Carreiros da FURG. Foto: Altemir Vianna/site FURG.;Portaria de entrada do campus com totem vertical da FURG e mastros com bandeiras hasteadas ao lado de via de circulação.;Main entrance gate of the FURG Carreiros campus;"The image shows the main entrance gate to the Carreiros campus of the Federal University of Rio Grande. In the foreground on the right, a totem sign displays the logo and acronym ""FURG"", alongside flagpoles flying the flags of Brazil, Rio Grande do Sul, and the university.";Entrance gate to the FURG Carreiros campus. Photo: Altemir Vianna/FURG website.;Campus entrance gate featuring a vertical FURG totem sign and flagpoles with raised flags beside an access road.;Portó con garita de entrada del campus Carreiros de la FURG;"La imagen muestra la portaría de acceso al campus Carreiros de la Universidad Federal de Rio Grande. En primer plano a la derecha, destaca un tótem con el logotipo y la sigla ""FURG"", junto a mástiles con las banderas de Brasil, de Rio Grande do Sul y de la universidad.";Portaría de acceso al campus Carreiros de la FURG. Foto: Altemir Vianna/sitio web de FURG.;Portaría de entrada al campus con tótem vertical de la FURG y mástiles con banderas izadas junto a la vía de acceso.;;
OK;;OK;;;FURG;FURG_04;Prédio do Restaurante Universitário (RU) da FURG;A imagem mostra a fachada do Restaurante Universitário no campus da Universidade Federal do Rio Grande. O prédio moderno apresenta cores contrastantes em amarelo e terracota, grandes janelas de vidro e uma área externa com bancos de madeira, postes de iluminação e calçamento de acesso.;Fachada do Restaurante Universitário (RU) no campus da FURG. Foto: site FURG.;"Prédio colorido em amarelo e terracota com a sigla ""RU"" na fachada, cercado por bancos de madeira e postes de iluminação.";University Restaurant (RU) building at FURG;The image shows the facade of the University Restaurant on the Federal University of Rio Grande campus. The modern building features contrasting yellow and terracotta walls, large glass windows, and an outdoor area with wooden benches, lamp posts, and a paved walkway.;Facade of the University Restaurant (RU) on the FURG campus. Photo: FURG website.;"Colorful yellow and terracotta building with the acronym ""RU"" on the facade, surrounded by wooden benches and light posts.";Edificio del Restaurante Universitario (RU) de la FURG;La imagen muestra la fachada del Restaurante Universitario en el campus de la Universidad Federal de Rio Grande. El edificio moderno presenta paredes en contraste de amarillo y terracota, ventanales de vidrio y un área exterior con bancos de madera, farolas y un camino pavimentado.;Fachada del Restaurante Universitario (RU) en el campus de la FURG. Foto: sitio web de FURG.;"Edificio colorido en amarillo y terracota con la sigla ""RU"" en la fachada, rodeado de bancos de madera y farolas.";;
OK;;;;;UFABC;UFABC_00;;;;;;;;;;;;;;
OK;;;;;UFABC;UFABC_01;;;;;;;;;;;;;;
OK;;;;;UFABC;UFABC_02;;;;;;;;;;;;;;
OK;;;;;UFABC;UFABC_03;;;;;;;;;;;;;;
OK;;;;;UFABC;UFABC_04;;;;;;;;;;;;;;
OK;OK;OK;OK;OK;UFAC;UFAC_00;Logomarca oficial da Universidade Federal do Acre (Ufac);"A imagem exibe a logomarca oficial da Universidade Federal do Acre sobre fundo branco. A marca é composta pela sigla ""Ufac"" em letras azuis ao lado do brasão estilizado em tons de azul e amarelo.";Logomarca oficial da Universidade Federal do Acre. Foto: site Ufac.;"Logomarca da Ufac composta pelo texto ""Ufac"" em azul e um escudo estilizado nas cores azul e amarela.";Official logo of the Federal University of Acre (Ufac);"The image displays the official logo of the Federal University of Acre on a white background. The brand consists of the acronym ""Ufac"" in blue text alongside a stylized shield emblem in blue and yellow.";Official logo of the Federal University of Acre. Photo: Ufac website.;"Ufac logo featuring the blue text ""Ufac"" next to a stylized blue and yellow shield emblem.";Logotipo oficial de la Universidad Federal de Acre (Ufac);"La imagen muestra el logotipo oficial de la Universidad Federal de Acre sobre fondo blanco. La marca está compuesta por la sigla ""Ufac"" en texto azul junto a un escudo estilizado en tonos azul y amarillo.";Logotipo oficial de la Universidad Federal de Acre. Foto: sitio web de Ufac.;"Logotipo de Ufac compuesto por el texto ""Ufac"" en azul y un escudo estilizado en colores azul y amarillo.";;
OK;OK;OK;OK;OK;UFAC;UFAC_01;Pórtico de entrada principal do campus da Universidade Federal do Acre;A imagem mostra a guarita e pórtico de entrada do campus universitário em dia ensolarado. A estrutura moderna conta com letras em relevo com o nome da instituição em vermelho sobre pórtico branco, ao lado de guarita revestida em pastilhas vermelhas.;Pórtico de entrada do campus da Universidade Federal do Acre. Foto: site Ufac.;"Pórtico branco de entrada com o letreiro ""UNIVERSIDADE FEDERAL DO ACRE"" em vermelho e guarita de pastilhas vermelhas.";Main entrance gate on the Federal University of Acre campus;The image displays the main entrance gate and security booth of the university campus on a sunny day. The modern structure features red lettering with the institution's name on a white archway next to a red-tiled booth.;Main entrance gate of the Federal University of Acre campus. Photo: Ufac website.;"White entrance archway with red text ""UNIVERSIDADE FEDERAL DO ACRE"" alongside a red-tiled security booth.";Pórtico de entrada principal del campus de la Universidad Federal de Acre;La imagen muestra la garita y pórtico de acceso al campus universitario en un día soleado. La estructura moderna cuenta con letras rojas en relieve con el nombre de la institución sobre un pórtico blanco junto a una garita de azulejos rojos.;Pórtico de entrada al campus de la Universidad Federal de Acre. Foto: sitio web de Ufac.;"Pórtico de entrada blanco con el letrero ""UNIVERSIDADE FEDERAL DO ACRE"" en rojo y garita revestida de azulejos rojos.";;
OK;OK;OK;OK;OK;UFAC;UFAC_02;Quiosque Recanto das Capivaras;A imagem destaca o Quiosque Recanto das Capivaras, área de convivência ao ar livre no campus universitário ao lado do lago. O ambiente é cercado por vegetação e gramado verde, oferecendo um espaço acolhedor para a comunidade acadêmica.;Quiosque Recanto das Capivaras na Universidade Federal do Acre. Foto: site Ufac.;Quiosque Recanto das Capivaras com teto cônico ao lado de lago e gramado no campus universitário.;Recanto das Capivaras kiosk on the Ufac campus;The image highlights the Recanto das Capivaras kiosk, an outdoor gathering area on the university campus located beside the lake. Surrounded by rich vegetation and green lawns, it offers a welcoming space for students and staff.;Recanto das Capivaras kiosk at the Federal University of Acre. Photo: Ufac website.;Recanto das Capivaras conical kiosk next to a lake surrounded by trees and lawn on campus.;Quiosco Recanto das Capivaras en el campus de la Ufac;La imagen destaca el quiosco Recanto das Capivaras, un área de convivencia al aire libre en el campus universitario junto al lago. Rodeado de vegetación y césped verde, ofrece un espacio acogedor para la comunidad académica.;Quiosco Recanto das Capivaras en la Universidad Federal de Acre. Foto: sitio web de Ufac.;Quiosco Recanto das Capivaras con techo cónico junto a un lago rodeado de árboles y césped.;;
OK;OK;OK;OK;OK;UFAC;UFAC_03;Fachada do Teatro Universitário no campus da Ufac;A imagem mostra a fachada moderna do Teatro Universitário ao anoitecer, com iluminação suave destacando a entrada do prédio. A estrutura de paredes brancas e marquise ampla é um espaço cultural de destaque no campus.;Fachada do Teatro Universitário no campus da Ufac. Foto: site Ufac.;"Fachada moderna iluminada do Teatro Universitário com o letreiro ""TEATRO UNIVERSITÁRIO"" no topo ao anoitecer.";University Theater facade on the Ufac campus;The image displays the modern facade of the University Theater at dusk, with soft lighting highlighting the entrance. Featuring white walls and a large canopy, the building serves as a prominent cultural space on campus.;Facade of the University Theater at the Ufac campus. Photo: Ufac website.;"Illuminated modern facade of the University Theater with sign reading ""TEATRO UNIVERS"" at dusk.";Fachada del Teatro Universitario en el campus de la Ufac;La imagen muestra la fachada moderna del Teatro Universitario al anochecer, con una iluminación suave que destaca la entrada. Su estructura de paredes blancas y marquesina amplia constituye un espacio cultural clave en el campus.;Fachada del Teatro Universitario en el campus de la Ufac. Foto: sitio web de Ufac.;"Fachada moderna e iluminada del Teatro Universitario con el letrero ""TEATRO UNIVERS"" en la parte superior al anochecer.";;
OK;OK;OK;OK;OK;UFAC;UFAC_04;Anfiteatro Garibaldi Brasil no campus da Ufac;A imagem mostra a fachada do Anfiteatro Garibaldi Brasil, com arquitetura moderna marcada por pilares cinzas e paredes em tom avermelhado. Cercado por palmeiras e vegetação tropical, o espaço acolhe eventos acadêmicos e culturais.;Fachada do Anfiteatro Garibaldi Brasil no campus da Ufac. Foto: site Ufac.;Prédio do Anfiteatro Garibaldi Brasil com arcos e pilares cinzas, paredes vermelhas e palmeiras ao redor.;Garibaldi Brasil Amphitheater on the Ufac campus;The image shows the facade of the Garibaldi Brasil Amphitheater, featuring modern architecture with gray pillars and reddish walls. Surrounded by palm trees and tropical vegetation, the venue hosts academic and cultural events.;Facade of the Garibaldi Brasil Amphitheater at the Ufac campus. Photo: Ufac website.;Garibaldi Brasil Amphitheater building with gray arches, pillars, red walls, and palm trees in the background.;Anfiteatro Garibaldi Brasil en el campus de la Ufac;La imagen muestra la fachada del Anfiteatro Garibaldi Brasil, caracterizado por una arquitectura moderna con pilares grises y paredes en tono rojizo. Rodeado de palmeras y vegetación tropical, acoge eventos académicos y culturales.;Fachada del Anfiteatro Garibaldi Brasil en el campus de la Ufac. Foto: sitio web de Ufac.;Edificio del Anfiteatro Garibaldi Brasil con arcos y pilares grises, paredes rojas y palmeras alrededor.;;
;;OK;;;UFAL;UFAL_00;Brasão e logomarca da Universidade Federal de Alagoas;"A imagem apresenta o brasão oficial da Universidade Federal de Alagoas sobre fundo preto. O escudo traz tochas com chamas vermelhas, peixes e o lema ""Scientia Ad Sapientiam"" em faixa vermelha.";Brasão e logomarca da Universidade Federal de Alagoas. Foto: site Ufal.;"Brasão da Ufal com tochas acesas, três peixes no escudo e o lema ""Scientia Ad Sapientiam"" sobre fundo preto.";Coat of arms and logo of the Federal University of Alagoas;"The image shows the official coat of arms of the Federal University of Alagoas on a black background. The shield features flaming torches, fish, and the motto ""Scientia Ad Sapientiam"" on a red ribbon above the acronym ""UFAL"".";Coat of arms and logo of the Federal University of Alagoas. Photo: Ufal website.;"Ufal coat of arms featuring flaming torches, three fish on a shield, and the motto ""Scientia Ad Sapientiam"".";Escudo y logotipo de la Universidad Federal de Alagoas;"La imagen presenta el escudo oficial de la Universidad Federal de Alagoas sobre fondo negro. El blasón incluye antorchas encendidas, peces y el lema ""Scientia Ad Sapientiam"" en una cinta roja, sobre la sigla ""UFAL"".";Escudo y logotipo de la Universidad Federal de Alagoas. Foto: sitio web de Ufal.;"Escudo de la Ufal con antorchas encendidas, tres peces en el blasón y el lema ""Scientia Ad Sapientiam"".";;
OK;;OK;OK;OK;UFAL;UFAL_01;Pórtico e portão de entrada do campus da Ufal;"A imagem mostra a entrada principal do campus universitário com portão de ferro azul e a sigla ""UFAL"" em destaque no centro. Árvores frondosas cercam o acesso e a guarita ao fundo, em um ambiente arborizado.";Portão de entrada do campus da Universidade Federal de Alagoas. Foto: site Ufal.;"Portão de ferro azul com a sigla ""UFAL"" centralizada na entrada do campus cercado por grandes árvores.";Entrance gate and sign at the Ufal campus;"The image displays the main entrance to the university campus featuring a blue iron gate and a prominent ""UFAL"" sign in the center. Large trees surround the access road and security booth in the background.";Entrance gate to the Federal University of Alagoas campus. Photo: Ufal website.;"Blue iron entrance gate with the acronym ""UFAL"" in the center, surrounded by large trees on campus.";Pórtico y portón de entrada del campus de la Ufal;"La imagen muestra la entrada principal al campus universitario con un portón de hierro azul y la sigla ""UFAL"" destacada en el centro. Árboles frondosos rodean el acceso y la garita al fondo en un entorno verde.";Portón de entrada al campus de la Universidad Federal de Alagoas. Foto: sitio web de Ufal.;"Portón de hierro azul con la sigla ""UFAL"" en el centro en la entrada del campus rodeado de árboles frondosos.";;
OK;OK;OK;OK;OK;UFAL;UFAL_02;Fachada do Restaurante Universitário no campus da Ufal;A imagem destaca a entrada principal do Restaurante Universitário, com estrutura moderna, amplas janelas de vidro e letreiro na fachada. O espaço oferece suporte à comunidade acadêmica em um ambiente arborizado e acessível.;Fachada do Restaurante Universitário no campus da Ufal. Foto: site Ufal.;"Prédio moderno com fachada branca e letreiro ""RESTAURANTE UNIVERSITÁRIO"" acima da entrada de vidro.";University Restaurant facade on the Ufal campus;The image highlights the main entrance of the University Restaurant, featuring a modern structure, large glass windows, and a clear facade sign. The facility supports the academic community in a green and accessible environment.;Facade of the University Restaurant on the Ufal campus. Photo: Ufal website.;"Modern white building with the sign ""RESTAURANTE UNIVERSITÁRIO"" above glass entrance doors.";Fachada del Restaurante Universitario en el campus de la Ufal;La imagen destaca la entrada principal del Restaurante Universitario, con una estructura moderna, amplios ventanales de vidrio y letrero en la fachada. El espacio brinda atención a la comunidad académica en un entorno arbolado.;Fachada del Restaurante Universitario en el campus de la Ufal. Foto: sitio web de Ufal.;"Edificio moderno de fachada blanca con el letrero ""RESTAURANTE UNIVERSITÁRIO"" sobre la entrada de vidrio.";;
OK;OK;OK;OK;OK;UFAL;UFAL_03;Vista do Complexo Esportivo no campus da Ufal;A imagem mostra a pista de atletismo vermelha em curva ao redor do campo de futebol do complexo esportivo. Ao fundo, veem-se as instalações de apoio e o ginásio, destinados às atividades físicas universitárias.;Complexo Esportivo no campus da Ufal. Foto: site Ufal.;Pista de atletismo vermelha com instalações ao fundo.;View of the Sports Complex on the Ufal campus;The image shows the red running track curving around the soccer field at the sports complex. In the background, support facilities and the gymnasium are visible for athletic activities.;Sports Complex on the Ufal campus. Photo: Ufal website.;Red running track surrounding a green soccer field with sports facilities in the background.;Vista del Complejo Deportivo en el campus de la Ufal;La imagen muestra la pista de atletismo roja bordeando el campo de fútbol del complejo deportivo. Al fondo, se observan las instalaciones de apoyo y el gimnasio para la práctica deportiva universitaria.;Complejo Deportivo en el campus de la Ufal. Foto: sitio web de Ufal.;Pista de atletismo roja alrededor de un campo de fútbol verde con instalaciones deportivas al fondo.;;
OK;OK;OK;;;UFAL;UFAL_04;Fachada da Biblioteca Central no campus da Ufal;A imagem mostra quatro estudantes de costas caminhando por um caminho pavimentado em direção ao prédio da Biblioteca Central. A fachada da edificação se destaca por suas colunas verticais de concreto e janelas espelhadas sob o sol.;Fachada da Biblioteca Central no campus da Ufal. Foto: site Ufal.;Quatro estudantes com mochilas caminham em direção ao prédio da Biblioteca Central com brises verticais na fachada.;Students walking towards the Central Library on the Ufal campus;The image displays four students seen from behind walking along a paved path toward the Central Library building. The facility features prominent vertical concrete pillars and large windows under a clear sky.;Facade of the Central Library on the Ufal campus. Photo: Ufal website.;Four students carrying backpacks walk towards the Central Library building with vertical concrete pillars on its facade.;Estudiantes caminando hacia la Biblioteca Central en el campus de la Ufal;La imagen muestra a cuatro estudiantes de espaldas caminando por un sendero pavimentado hacia el edificio de la Biblioteca Central. La fachada destaca por sus columnas verticales de hormigón y ventanales reflejantes bajo el sol.;Fachada de la Biblioteca Central en el campus de la Ufal. Foto: sitio web de Ufal.;Cuatro estudiantes con mochilas caminan hacia el edificio de la Biblioteca Central con pilares verticales en su fachada.;;
;;OK;;;UFAM;UFAM_00;Brasão oficial da Universidade Federal do Amazonas (Ufam);"A imagem apresenta o brasão circular da Universidade Federal do Amazonas. A arte contém ramos verdes com frutos vermelhos ao redor do encontro dos rios, com o nome da instituição no topo e o lema ""In Universa Scientia Veritas"" na parte inferior.";Brasão oficial da Universidade Federal do Amazonas. Foto: site Ufam.;"Brasão circular da Ufam com ramos verdes, traços do encontro dos rios e o lema ""In Universa Scientia Veritas"".";Official coat of arms of the Federal University of Amazonas (Ufam);The image displays the circular coat of arms of the Federal University of Amazonas. The emblem features green branches with red berries surrounding a river confluence drawing, with the university's name at the top and its motto at the bottom.;Official coat of arms of the Federal University of Amazonas. Photo: Ufam website.;"Circular Ufam coat of arms featuring green branches, river confluence lines, and the motto ""In Universa Scientia Veritas"".";Escudo oficial de la Universidad Federal de Amazonas (Ufam);La imagen muestra el escudo circular de la Universidad Federal de Amazonas. La insignia presenta ramas verdes con frutos rojos alrededor de la confluencia de ríos, con el nombre de la institución en la parte superior y su lema en la inferior.;Escudo oficial de la Universidad Federal de Amazonas. Foto: sitio web de Ufam.;"Escudo circular de la Ufam con ramas verdes, líneas del encuentro de ríos y el lema ""In Universa Scientia Veritas"".";;
OK;OK;OK;OK;OK;UFAM;UFAM_01;Pórtico de entrada do campus da Universidade Federal do Amazonas;"A imagem mostra o pórtico verde de entrada do campus universitário com a inscrição ""UFAM"" e a frase ""Desde 1909 - Nosso Maior Patrimônio"". A estrutura em arco dá acesso a uma via asfaltada cercada por densa vegetação amazônica.";Pórtico de entrada do campus da Universidade Federal do Amazonas. Foto: site Ufam.;"Pórtico em arco verde com os dizeres ""UFAM - Desde 1909 - Nosso Maior Patrimônio"" na entrada de via cercada por árvores.";Entrance archway on the Federal University of Amazonas campus;"The image shows the green entrance archway to the university campus featuring the acronym ""UFAM"" and the text ""Desde 1909 - Nosso Maior Patrimônio"". The arched structure spans a paved road surrounded by dense Amazonian vegetation.";Entrance archway of the Federal University of Amazonas campus. Photo: Ufam website.;"Green entrance archway displaying ""UFAM - Desde 1909 - Nosso Maior Patrimônio"" over a road lined with trees.";Pórtico de entrada del campus de la Universidad Federal de Amazonas;"La imagen muestra el pórtico verde de acceso al campus universitario con la sigla ""UFAM"" y la frase ""Desde 1909 - Nosso Maior Patrimônio"". La estructura en arco da entrada a una vía asfaltada rodeada de densa vegetación amazónica.";Pórtico de entrada al campus de la Universidad Federal de Amazonas. Foto: sitio web de Ufam.;"Pórtico en arco verde con el texto ""UFAM - Desde 1909 - Nosso Maior Patrimônio"" en la entrada de una vía arbolada.";;
OK;OK;OK;OK;OK;UFAM;UFAM_02;Prédio da Reitoria no campus da Universidade Federal do Amazonas;"A imagem mostra a fachada do prédio da Reitoria da Ufam revestida em pastilhas azuis com o brasão oficial e o letreiro ""UFAM REITORIA"". A edificação administrativa conta com pavimentos modernos e é cercada por palmeiras e vegetação nativa.";Prédio da Reitoria no campus da Universidade Federal do Amazonas. Foto: site Ufam.;"Fachada azul de prédio com o brasão oficial e a inscrição ""UFAM REITORIA"" cercada por palmeiras e vegetação.";Rectory building on the Federal University of Amazonas campus;"The image shows the facade of the Ufam Rectory building covered in blue tiles with the official crest and the text ""UFAM REITORIA"". The administrative facility features a modern structure surrounded by palm trees and native vegetation.";Rectory building at the Federal University of Amazonas campus. Photo: Ufam website.;"Blue building facade displaying the official emblem and text ""UFAM REITORIA"", surrounded by palm trees.";Edificio del Rectorado en el campus de la Universidad Federal de Amazonas;"La imagen muestra la fachada del edificio del Rectorado de la Ufam revestida con azulejos azules, el escudo oficial y la inscripción ""UFAM REITORIA"". La estructura administrativa es moderna y está rodeada de palmeras y vegetación.";Edificio del Rectorado en el campus de la Universidad Federal de Amazonas. Foto: sitio web de Ufam.;"Fachada azul de edificio con el escudo oficial y el texto ""UFAM REITORIA"" rodeada de palmeras y vegetación.";;
OK;OK;OK;OK;OK;UFAM;UFAM_03;Centro comum de conveniência no campus da Ufam;A imagem retrata o amplo hall de convivência do campus universitário com grandes paredes azuis e estrutura metálica. Estudantes circulam pelo espaço, interagem em mesas e observam quadros de uma exposição fotográfica à direita.;Centro comum de conveniência do campus da Universidade Federal do Amazonas. Foto: site Ufam.;Amplo hall universitário com paredes azuis, estudantes caminhando e quadros expositivos alinhados à direita.;Student hall and exhibition space on the Ufam campus;The image depicts a spacious student hall on the university campus featuring large blue walls and a metal structure. Students walk around, interact at tables, and view photo frames from an exhibition on the right.;Student hall at the Federal University of Amazonas campus. Photo: Ufam website.;Spacious university hall with blue walls, walking students, and photo exhibition frames lined up on the right.;Hall de convivencia y exposición en el campus de la Ufam;La imagen retrata el amplio hall de convivencia del campus universitario con grandes paredes azules y estructura metálica. Los estudiantes transitan por el espacio, interactúan en mesas y observan cuadros de una exposición.;Hall de convivencia del campus de la Universidad Federal de Amazonas. Foto: sitio web de Ufam.;Amplio hall universitario con paredes azules, estudiantes caminando y cuadros de exposición alineados a la derecha.;;
OK;OK;OK;OK;OK;UFAM;UFAM_04;Restaurante Universitário do Setor Sul no campus de Manaus da Ufam;A imagem mostra a área interna do Restaurante Universitário no Setor Sul do campus de Manaus. Estudantes aparecem sentados à mesa fazendo refeições e conversando em um refeitório amplo, bem iluminado e organizado.;Interior do Restaurante Universitário do Setor Sul na Ufam. Foto: site Ufam.;Estudantes sentados em mesas brancas fazendo refeições no refeitório amplo do Restaurante Universitário da Ufam.;South Sector University Restaurant on the Ufam Manaus campus;The image shows the dining area inside the South Sector University Restaurant on the Manaus campus. Students are seated at tables eating meals and conversing in a spacious, well-lit cafeteria.;Interior of the South Sector University Restaurant at Ufam. Photo: Ufam website.;Students seated at white tables having meals inside the spacious dining hall of the Ufam University Restaurant.;Restaurante Universitario del Sector Sur en el campus de Manaos de la Ufam;La imagen muestra el interior del Restaurante Universitario en el Sector Sur del campus de Manaos. Se observa a estudiantes sentados comiendo y conversando en un comedor amplio, bien iluminado y organizado.;Interior del Restaurante Universitario del Sector Sur en la Ufam. Foto: sitio web de Ufam.;Estudiantes sentados en mesas blancas comiendo en el comedor amplio del Restaurante Universitario de la Ufam.;;
OK;;;;;UFAPE;UFAPE_00;;;;;;;;;;;;;;
OK;;;;;UFAPE;UFAPE_01;;;;;;;;;;;;;;
OK;;;;;UFAPE;UFAPE_02;;;;;;;;;;;;;;
OK;;;;;UFAPE;UFAPE_03;;;;;;;;;;;;;;
OK;;;;;UFAPE;UFAPE_04;;;;;;;;;;;;;;
OK;OK;OK;OK;OK;UFBA;UFBA_00;Brasão oficial da Universidade Federal da Bahia (UFBA);"A imagem apresenta o brasão oficial da Universidade Federal da Bahia sobre fundo preto. O escudo traz três tochas acesas no topo, um ramo folhado ao centro e faixas com o lema ""Virtute Spiritus"" e o ano ""1808"" na parte inferior.";Brasão oficial da Universidade Federal da Bahia. Foto: site UFBA.;"Brasão da UFBA com três tochas acesas, escudo com ramo de folhas e o lema ""Virtute Spiritus 1808"" em faixa azul.";Official coat of arms of the Federal University of Bahia (UFBA);"The image displays the official coat of arms of the Federal University of Bahia on a black background. The shield features three flaming torches at the top, a leafy branch in the center, and ribbons with the motto ""Virtute Spiritus"" and the year ""1808"".";Official coat of arms of the Federal University of Bahia. Photo: UFBA website.;"UFBA coat of arms featuring three flaming torches, a shield with a leafy branch, and the motto ""Virtute Spiritus 1808"".";Escudo oficial de la Universidad Federal de Bahía (UFBA);"La imagen muestra el escudo oficial de la Universidad Federal de Bahía sobre fondo negro. La insignia presenta tres antorchas encendidas en la parte superior, una rama con hojas al centro y cintas con el lema ""Virtute Spiritus"" y el año ""1808"".";Escudo oficial de la Universidad Federal de Bahía. Foto: sitio web de UFBA.;"Escudo de la UFBA con tres antorchas encendidas, blasón con rama de hojas y el lema ""Virtute Spiritus 1808"".";;
OK;OK;OK;OK;OK;UFBA;UFBA_01;Pórtico de entrada principal do campus da Universidade Federal da Bahia;"A imagem mostra o grande pórtico de entrada do campus universitário com o brasão e o nome ""UNIVERSIDADE FEDERAL DA BAHIA"" em destaque. Pessoas caminham pela calçada ao lado do acesso de veículos e da guarita em um dia ensolarado.";Pórtico de entrada do campus da Universidade Federal da Bahia. Foto: site UFBA.;"Pórtico cinza de entrada com o brasão e o nome ""UNIVERSIDADE FEDERAL DA BAHIA"" sobre guarita e portões.";Main entrance gate on the Federal University of Bahia campus;"The image shows the large entrance gate of the university campus featuring the crest and the text ""UNIVERSIDADE FEDERAL DA BAHIA"". Pedestrians walk on the sidewalk beside the vehicle access and security booth on a sunny day.";Main entrance gate of the Federal University of Bahia campus. Photo: UFBA website.;"Gray entrance archway displaying the coat of arms and text ""UNIVERSIDADE FEDERAL DA BAHIA"" over a security booth.";Pórtico de entrada principal del campus de la Universidad Federal de Bahía;"La imagen muestra el gran pórtico de entrada al campus universitario con el escudo y el nombre ""UNIVERSIDADE FEDERAL DA BAHIA"" destacado. Varias personas caminan por la acera junto al acceso vehicular y la garita en un día soleado.";Pórtico de entrada al campus de la Universidad Federal de Bahía. Foto: sitio web de UFBA.;"Pórtico gris de entrada con el escudo y el nombre ""UNIVERSIDADE FEDERAL DA BAHIA"" sobre garita y portones.";;
OK;OK;OK;OK;OK;UFBA;UFBA_02;Fachada do Palácio da Reitoria da Universidade Federal da Bahia;A imagem retrata o Palácio da Reitoria da UFBA, um casarão histórico de paredes brancas com imponentes colunas e varanda superior. O entorno é composto por jardins arborizados e uma rampa de acesso pavimentada.;Fachada do Palácio da Reitoria da UFBA no Canela. Foto: site UFBA.;Casarão histórico branco de dois andares com colunas neoclássicas na entrada e varanda superior cercado por árvores.;Facade of the Rectory Palace at the Federal University of Bahia;The image depicts the Rectory Palace of UFBA, a historic white mansion with imposing pillars and an upper balcony. The surrounding area features landscaped gardens and a paved entrance ramp.;Facade of the UFBA Rectory Palace in Canela. Photo: UFBA website.;Historic two-story white building featuring neoclassical pillars at the entrance, an upper balcony, and trees around.;Fachada del Palacio del Rectorado de la Universidad Federal de Bahía;La imagen retrata el Palacio del Rectorado de la UFBA, una casona histórica de paredes blancas con imponentes columnas y balcón superior. El entorno cuenta con jardines arbolados y una rampa de acceso pavimentada.;Fachada del Palacio del Rectorado de la UFBA en Canela. Foto: sitio web de UFBA.;Casona histórica blanca de dos plantas con columnas neoclásicas en la entrada y balcón superior rodeada de árboles.;;
OK;OK;OK;OK;OK;UFBA;UFBA_03;Vista panorâmica da Praça das Artes no campus da UFBA;A imagem apresenta uma vista aérea da Praça das Artes, localizada no campus de Ondina. O espaço conta com calçadões, áreas verdes gramadas e palmeiras, situando-se entre edifícios universitários com o horizonte urbano ao fundo.;Vista panorâmica da Praça das Artes no campus de Ondina da UFBA. Foto: site UFBA.;Vista aérea da Praça das Artes com calçadões claros, gramados e prédios universitários ao redor sob céu nublado.;Panoramic view of Praça das Artes on the UFBA campus;The image presents an aerial view of Praça das Artes, located on the Ondina campus. The open square features paved walkways, grassy areas, and palm trees set between university buildings with the city skyline in the background.;Panoramic view of Praça das Artes on the UFBA Ondina campus. Photo: UFBA website.;Aerial view of Praça das Artes featuring paved walkways, green lawns, and university buildings under a cloudy sky.;Vista panorámica de la Praça das Artes en el campus de la UFBA;La imagen presenta una vista aérea de la Praça das Artes, ubicada en el campus de Ondina. El espacio abierto cuenta con paseos peatonales, áreas verdes y palmeras, situado entre edificios universitarios con la ciudad al fondo.;Vista panorámica de la Praça das Artes en el campus de Ondina de la UFBA. Foto: sitio web de UFBA.;Vista aérea de la Praça das Artes con caminos pavimentados, áreas verdes y edificios universitarios alrededor.;;
OK;OK;OK;OK;OK;UFBA;UFBA_04;Biblioteca Universitária Reitor Macedo Costa no campus da UFBA;A imagem retrata o prédio da Biblioteca Universitária Reitor Macedo Costa no campus de Ondina. A edificação possui arquitetura modernista em concreto aparente e blocos cerâmicos, rodeada por árvores e vias de circulação de pedestres.;Fachada da Biblioteca Universitária Reitor Macedo Costa na UFBA. Foto: site UFBA.;Prédio modernista de concreto e tijolos da Biblioteca Reitor Macedo Costa, cercado por árvores e pedestres.;Reitor Macedo Costa University Library on the UFBA campus;The image depicts the Reitor Macedo Costa University Library building on the Ondina campus. The facility features modernist architecture with exposed concrete and ceramic tiles, surrounded by trees and pedestrian walkways.;Facade of the Reitor Macedo Costa University Library at UFBA. Photo: UFBA website.;Modernist concrete and brick building of the Reitor Macedo Costa Library surrounded by trees and walking students.;Biblioteca Universitaria Reitor Macedo Costa en el campus de la UFBA;La imagen retrata el edificio de la Biblioteca Universitaria Reitor Macedo Costa en el campus de Ondina. La estructura cuenta con arquitectura modernista en hormigón visto y bloques cerámicos, rodeada de árboles y paseos peatonales.;Fachada de la Biblioteca Universitaria Reitor Macedo Costa en la UFBA. Foto: sitio web de UFBA.;Edificio modernista de hormigón y ladrillo de la Biblioteca Reitor Macedo Costa rodeado de árboles y peatones.;;
;;OK;;;UFC;UFC_00;Brasão oficial da Universidade Federal do Ceará (UFC);"A imagem exibe o brasão oficial da Universidade Federal do Ceará sobre fundo branco. O escudo possui três tochas acesas no topo, uma faixa amarela com três carnaúbas ao centro e a faixa inferior com o lema ""Virtus Unita Fortior"".";Brasão oficial da Universidade Federal do Ceará. Foto: site UFC.;"Brasão da UFC com três tochas acesas, três carnaúbas em faixa amarela e o lema ""Virtus Unita Fortior"" em faixa branca.";Official coat of arms of the Federal University of Ceará (UFC);"The image displays the official coat of arms of the Federal University of Ceará on a white background. The emblem features three flaming torches at the top, a yellow diagonal band with three carnauba palm trees, and a ribbon with the motto ""Virtus Unita Fortior"".";Official coat of arms of the Federal University of Ceará. Photo: UFC website.;"UFC coat of arms with three flaming torches, three carnauba palms on a yellow band, and the motto ""Virtus Unita Fortior"".";Escudo oficial de la Universidad Federal de Ceará (UFC);"La imagen muestra el escudo oficial de la Universidad Federal de Ceará sobre fondo blanco. La insignia cuenta con tres antorchas encendidas en la parte superior, una franja amarilla con tres carnaúbas al centro y el lema ""Virtus Unita Fortior"" en una cinta inferior.";Escudo oficial de la Universidad Federal de Ceará. Foto: sitio web de UFC.;"Escudo de la UFC con tres antorchas encendidas, tres palmeras carnaúba en franja amarilla y el lema ""Virtus Unita Fortior"".";;
OK;OK;OK;OK;OK;UFC;UFC_01;Fachada histórica da Reitoria da Universidade Federal do Ceará;"A imagem mostra a fachada neoclássica em tons rosa e branco do prédio da Reitoria da UFC. A estrutura destaca o brasão oficial, o letreiro ""UNIVERSIDADE DO CEARÁ"" e colunas brancas, além de jardins bem cuidados em frente à edificação.";Fachada do prédio da Reitoria da UFC no campus do Benfica. Foto: site UFC.;Fachada do prédio da Reitoria da UFC no campus do Benfica. Foto: site UFC.;Historic Rectory building facade at the Federal University of Ceará;"The image shows the pink and white neoclassical facade of the UFC Rectory building. The structure features the official coat of arms, white columns, and the sign ""UNIVERSIDADE DO CEARÁ"", with well-kept gardens in the foreground.";Facade of the UFC Rectory building on the Benfica campus. Photo: UFC website.;"Pink and white neoclassical building featuring columns, the UFC coat of arms, and text reading ""UNIVERSIDADE DO CEARÁ"".";Fachada histórica del Rectorado de la Universidad Federal de Ceará;"La imagen muestra la fachada neoclásica en tonos rosa y blanco del edificio del Rectorado de la UFC. La estructura destaca el escudo oficial, columnas blancas y el letrero ""UNIVERSIDADE DO CEARÁ"", con jardines cuidados al frente.";Fachada del edificio del Rectorado de la UFC en el campus de Benfica. Foto: sitio web de UFC.;"Edificio neoclásico rosa y blanco con columnas, el escudo de la UFC y el letrero ""UNIVERSIDADE DO CEARÁ"" en la fachada.";;
OK;OK;OK;OK;OK;UFC;UFC_02;Vista interna da Unidade Didática II na UFC;A imagem mostra o interior da Unidade Didática II da Faculdade de Economia, Administração, Atuária e Contabilidade (FEAAC) em perspectiva inferior. A arquitetura destaca escadarias e pavimentos sobrepostos iluminados por claraboia no topo.;Interior da Unidade Didática II da FEAAC na UFC. Foto: site FEAAC/UFC.;Vista em ângulo inferior de escadaria central e andares em curva sob claraboia com luz natural.;Interior view of Teaching Unit II of FEAAC at UFC;The image displays the interior of Teaching Unit II at the Faculty of Economics, Administration, Actuarial Science and Accounting (FEAAC) from a low angle. The architecture features central staircases and stacked floor levels lit by a skylight.;Interior of Teaching Unit II of FEAAC at UFC. Photo: FEAAC/UFC website.;Low-angle view of a central staircase and curved floors under a glass skylight with natural light.;Vista interior de la Unidad Didáctica II de la FEAAC en la UFC;La imagen muestra el interior de la Unidad Didáctica II de la Facultad de Economía, Administración, Actuaría y Contabilidad (FEAAC) en contrapicado. La arquitectura destaca escaleras centrales y varios niveles iluminados por un tragaluz superior.;Interior de la Unidad Didáctica II de la FEAAC en la UFC. Foto: sitio web de FEAAC/UFC.;Vista en contrapicado de escalera central y plantas en curva bajo un tragaluz con luz natural.;;
OK;OK;OK;OK;OK;UFC;UFC_03;Sala de laboratório de informática na Universidade Federal do Ceará;A imagem mostra o interior de um laboratório de informática universitário bem estruturado. O espaço conta com várias mesas retangulares organizadas em fileiras, cadeiras giratórias pretas, quadro branco, tela de projeção e televisor ao fundo.;Laboratório de informática da Universidade Federal do Ceará. Foto: site FEAAC/UFC.;Sala de laboratório organizada com fileiras de mesas de madeira clara, cadeiras giratórias pretas e quadro branco.;Computer laboratory room at the Federal University of Ceará;The image shows the interior of a well-equipped university computer lab. The space features several rectangular wooden desks arranged in rows, black office chairs, a whiteboard, a projection screen, and a television in the background.;Computer lab at the Federal University of Ceará. Photo: UFC website.;Organized lab classroom with rows of light wooden desks, black swivel chairs, and a whiteboard at the front.;Sala de laboratorio de informática en la Universidad Federal de Ceará;La imagen muestra el interior de un laboratorio de informática universitario bien equipado. El espacio cuenta con varias mesas de madera dispuestas en filas, sillas giratorias negras, pizarra blanca, pantalla de proyección y televisor al fondo.;Laboratorio de informática en la Universidad Federal de Ceará. Foto: sitio web de UFC.;Sala de laboratorio organizada con filas de mesas de madera clara, sillas giratorias negras y pizarra blanca.;;
OK;OK;parcial;OK;OK;UFC;UFC_04;Prédio da Faculdade de Economia, Administração, Atuária e Contabilidade (FEAAC) da UFC;A imagem mostra a fachada histórica do prédio da Diretoria da Faculdade de Economia, Administração, Atuária e Contabilidade (FEAAC) da UFC, no campus do Benfica. A edificação em tons de terracota e branco possui arquitetura clássica com colunas ornamentadas, janelas arqueadas e o brasão oficial ao centro.;Fachada da Faculdade de Economia, Administração, Atuária e Contabilidade (FEAAC) da UFC no campus do Benfica. Foto: FEAAC/UFC.;Prédio histórico rosa e branco com colunas decorativas e o brasão oficial da UFC na fachada da FEAAC.;Faculty of Economics, Administration, Actuarial Science and Accounting (FEAAC) building at UFC;The image shows the historic facade of the Faculty of Economics, Administration, Actuarial Science and Accounting (FEAAC) building at UFC's Benfica campus. The terracotta and white structure features classical architecture with ornate columns, arched windows, and the official coat of arms at the center.;Facade of the Faculty of Economics, Administration, Actuarial Science and Accounting (FEAAC) building at UFC. Photo: UFC website.;Historic pink and white building with decorative columns and the official UFC coat of arms on the FEAAC facade.;Edificio de la Facultad de Economía, Administración, Actuaría y Contabilidad (FEAAC) de la UFC;La imagen muestra la fachada histórica del edificio de la Facultad de Economía, Administración, Actuaría y Contabilidad (FEAAC) de la UFC en el campus de Benfica. La estructura en tonos terracota y blanco presenta arquitectura clásica con columnas decorativas, ventanas arqueadas y el escudo oficial al centro.;Fachada de la Facultad de Economía, Administración, Actuaría y Contabilidad (FEAAC) de la UFC. Foto: sitio web de UFC.;Edificio histórico rosa y blanco con columnas decorativas y el escudo oficial de la UFC en la fachada de la FEAAC.;;
OK;OK;;OK;OK;UFCA;UFCA_00;;;;;;;;;;;;;;
OK;OK;;OK;OK;UFCA;UFCA_01;;;;;;;;;;;;;;
OK;OK;;OK;OK;UFCA;UFCA_02;;;;;;;;;;;;;;
OK;OK;;OK;OK;UFCA;UFCA_03;;;;;;;;;;;;;;
OK;OK;;OK;OK;UFCA;UFCA_04;;;;;;;;;;;;;;
;;;;;UFCAT;UFCAT_00;;;;;;;;;;;;;;
OK;OK;;;;UFCAT;UFCAT_01;;;;;;;;;;;;;;
OK;OK;;;;UFCAT;UFCAT_02;;;;;;;;;;;;;;
OK;OK;;;;UFCAT;UFCAT_03;;;;;;;;;;;;;;
OK;OK;;;;UFCAT;UFCAT_04;;;;;;;;;;;;;;
OK;;;;;UFCG;UFCG_00;;;;;;;;;;;;;;
OK;;;;;UFCG;UFCG_01;;;;;;;;;;;;;;
OK;;;;;UFCG;UFCG_02;;;;;;;;;;;;;;
OK;;;;;UFCG;UFCG_03;;;;;;;;;;;;;;
OK;;;;;UFCG;UFCG_04;;;;;;;;;;;;;;
;;OK;;;UFCSPA;UFCSPA_00;Logomarca oficial da Universidade Federal de Ciências da Saúde de Porto Alegre (UFCSPA);A imagem apresenta o símbolo gráfico estilizado da UFCSPA em fundo branco. O logotipo na cor bege representa de forma minimalista a fachada do prédio principal da universidade, composta por retângulos e linhas simétricas que simulam suas janelas e andares.;Logomarca oficial da Universidade Federal de Ciências da Saúde de Porto Alegre. Foto: site UFCSPA.;Ilustração vetorial bege em estilo minimalista representando a fachada retangular do prédio da UFCSPA.;Official logo of the Federal University of Health Sciences of Porto Alegre (UFCSPA);The image displays the stylized graphic symbol of UFCSPA on a white background. The beige logo offers a minimalist depiction of the university's main building facade, using symmetric rectangular shapes and lines to represent its windows and floors.;Official logo of the Federal University of Health Sciences of Porto Alegre. Photo: UFCSPA website.;Minimalist beige vector emblem representing the rectangular building facade of UFCSPA.;Logotipo oficial de la Universidad Federal de Ciencias de la Salud de Porto Alegre (UFCSPA);La imagen muestra el símbolo gráfico estilizado de la UFCSPA sobre fondo blanco. El logotipo en color beige representa de forma minimalista la fachada del edificio principal de la universidad, compuesta por rectángulos y líneas simétricas que simulan sus ventanas y plantas.;Logotipo oficial de la Universidad Federal de Ciencias de la Salud de Porto Alegre. Foto: sitio web de UFCSPA.;Ilustración vectorial beige en estilo minimalista que representa la fachada rectangular del edificio de la UFCSPA.;;
OK;OK;parcial;;;UFCSPA;UFCSPA_01;Fachada principal do prédio da Universidade Federal de Ciências da Saúde de Porto Alegre;"A imagem mostra a fachada do prédio principal da UFCSPA em um ângulo ascendente. O grande edifício de vários andares apresenta estrutura em concreto e acabamento verde-oliva com fileiras uniformes de janelas. Em primeiro plano à esquerda, destaca-se um totem vertical escuro com a sigla ""UFCSPA"" e o nome por extenso, rodeado por árvores sob um céu azul parcialmente nublado.";Fachada do prédio principal da UFCSPA em Porto Alegre. Foto: site UFCSPA.;"Prédio alto de concreto e tom verde com totem de identificação escuro em primeiro plano onde se lê ""UFCSPA"".";Main building facade of the Federal University of Health Sciences of Porto Alegre;"The image displays the main building facade of UFCSPA from a low angle. The large multi-story building features a concrete structure in olive green tones with uniform rows of windows. In the foreground on the left, a dark vertical totem sign displays the acronym ""UFCSPA"" and its full name, surrounded by trees under a partially cloudy blue sky.";Main building facade of UFCSPA in Porto Alegre. Photo: UFCSPA website.;"Tall concrete and green building with a dark identification totem in the foreground reading ""UFCSPA"".";Fachada principal del edificio de la Universidad Federal de Ciencias de la Salud de Porto Alegre;"La imagen muestra la fachada del edificio principal de la UFCSPA en contrapicado. La grande edificación de varias plantas presenta una estructura de hormigón y acabados en verde oliva con filas uniformes de ventanas. En primer plano a la izquierda, destaca un tótem vertical oscuro con la sigla ""UFCSPA"" e o nome completo, rodeado de árboles bajo un cielo azul parcialmente nublado.";Fachada del edificio principal de la UFCSPA en Porto Alegre. Foto: sitio web de UFCSPA.;"Edificio alto de hormigón y tono verde con tótem de identificación oscuro en primer plano que dice ""UFCSPA"".";;
OK;OK;parcial;;;UFCSPA;UFCSPA_02;Espaço expositivo do Museu de Anatomia da UFCSPA;A imagem mostra o interior do Museu de Anatomia da Universidade Federal de Ciências da Saúde de Porto Alegre. O ambiente moderno exibe esqueletos humanos montados em posições dinâmicas, modelos anatômicos em vitrines transparentes de acrílico e quadros artísticos ao fundo sobre painéis de madeira.;Exposição de peças anatômicas no Museu de Anatomia da UFCSPA. Foto: site UFCSPA.;Sala de museu com esqueletos humanos em posições anatômicas, vitrines de vidro e quadros na parede de madeira ao fundo.;Exhibition area of the Anatomy Museum at UFCSPA;The image displays the interior of the Anatomy Museum at the Federal University of Health Sciences of Porto Alegre. The modern gallery features human skeletons mounted in dynamic poses, anatomical specimens in transparent acrylic display cases, and artistic paintings on wooden wall panels in the background.;Exhibition of anatomical specimens at the UFCSPA Anatomy Museum. Photo: UFCSPA website.;Museum room featuring human skeletons in expressive poses, glass display cases, and art paintings on a wooden wall.;Espacio expositivo del Museo de Anatomía de la UFCSPA;La imagen muestra el interior del Museo de Anatomía de la Universidad Federal de Ciencias de la Salud de Porto Alegre. El espacio moderno exhibe esqueletos humanos montados en poses dinámicas, modelos anatómicos en vitrinas transparentes de acrílico y cuadros artísticos al fondo sobre paneles de madera.;Exposición de piezas anatómicas en el Museo de Anatomía de la UFCSPA. Foto: sitio web de UFCSPA.;Sala de museo con esqueletos humanos en poses anatómicas, vitrinas de vidrio y cuadros en la pared de madera al fondo.;;
OK;OK;parcial;;;UFCSPA;UFCSPA_03;Sala de estudos e acervo da Biblioteca da UFCSPA;A imagem mostra o amplo salão interno da Biblioteca da Universidade Federal de Ciências da Saúde de Porto Alegre. O espaço conta com estantes de livros numeradas ao fundo e bancadas com computadores para pesquisa ocupadas por estudantes em primeiro plano, sob iluminação moderna.;Sala de pesquisa e acervo na Biblioteca da UFCSPA. Foto: site UFCSPA.;Salão de biblioteca iluminado com estudantes utilizando computadores em bancadas vermelhas e estantes de livros numeradas ao fundo.;Study room and book stacks at the UFCSPA Library;The image shows the spacious main hall of the Library at the Federal University of Health Sciences of Porto Alegre. The facility features numbered bookshelves in the background and computer workstations for research occupied by students in the foreground, under modern lighting.;Research hall and book stacks at the UFCSPA Library. Photo: UFCSPA website.;Well-lit library hall with students using desktop computers on red desks, with numbered book stacks in the background.;Sala de estudios y colección de la Biblioteca de la UFCSPA;La imagen muestra la amplia sala principal de la Biblioteca de la Universidad Federal de Ciencias de la Salud de Porto Alegre. El espacio cuenta con estanterías de libros numeradas al fondo y escritorios con ordenadores para investigación ocupados por estudiantes en primer plano, bajo iluminación moderna.;Sala de investigación y colección en la Biblioteca de la UFCSPA. Foto: sitio web de UFCSPA.;Salón de biblioteca iluminado con estudiantes usando ordenadores en escritorios rojos y estanterías de libros numeradas al fondo.;;
OK;OK;parcial;;;UFCSPA;UFCSPA_04;Entrada do Restaurante Universitário (RU) da UFCSPA;"A imagem mostra o acesso ao Restaurante Universitário da Universidade Federal de Ciências da Saúde de Porto Alegre. Em primeiro plano à direita, destaca-se um cartaz azul com a sigla ""RU"" em branco e o texto ""Restaurante Universitário"" em laranja; à esquerda, veem-se as catracas eletrônicas de controle de acesso e o espaço interno do restaurante ao fundo.";Entrada com catracas do Restaurante Universitário (RU) da UFCSPA. Foto: site UFCSPA.;"Cartaz azul com as letras ""RU"" e ""Restaurante Universitário"" na parede ao lado de catracas pretas de controle de acesso.";Entrance to the University Restaurant (RU) at UFCSPA;"The image shows the entrance to the University Restaurant at the Federal University of Health Sciences of Porto Alegre. On the right foreground, a blue poster features the white letters ""RU"" and the text ""Restaurante Universitário"" in orange; on the left, electronic turnstiles for access control lead into the dining hall in the background.";Turnstile entrance to the UFCSPA University Restaurant (RU). Photo: UFCSPA website.;"Blue sign on the wall reading ""RU"" and ""Restaurante Universitário"" next to black entry turnstiles.";Entrada del Restaurante Universitario (RU) de la UFCSPA;"La imagen muestra el acceso al Restaurante Universitario de la Universidad Federal de Ciencias de la Salud de Porto Alegre. En primer plano a la derecha, destaca un cartel azul con las letras ""RU"" en blanco y el texto ""Restaurante Universitário"" en naranja; a la izquierda, se observan los torniquetes electrónicos de acceso e el espacio interior al fondo.";Entrada con torniquetes del Restaurante Universitario (RU) de la UFCSPA. Foto: sitio web de UFCSPA.;"Cartel azul con las letras ""RU"" y ""Restaurante Universitário"" en la pared junto a torniquetes negros de acceso.";;
OK;;;;;UFDPAR;UFDPAR_00;;;;;;;;;;;;;;
OK;;;;;UFDPAR;UFDPAR_01;;;;;;;;;;;;;;
OK;;;;;UFDPAR;UFDPAR_02;;;;;;;;;;;;;;
OK;;;;;UFDPAR;UFDPAR_03;;;;;;;;;;;;;;
OK;;;;;UFDPAR;UFDPAR_04;;;;;;;;;;;;;;
;;parcial;;;UFERSA;UFERSA_00;Logomarca oficial da Universidade Federal Rural do Semi-Árido (UFERSA);"A imagem apresenta o logotipo oficial da Universidade Federal Rural do Semi-Árido sobre fundo branco. A marca é composta pela sigla ""UFERSA"" em letras maiúsculas na cor azul-marinho, emoldurada superior e inferiormente por faixas na cor verde com o nome institucional por extenso em letras brancas.";Logomarca oficial da Universidade Federal Rural do Semi-Árido. Foto: site UFERSA.;Logotipo da UFERSA com a sigla centralizada em azul-marinho entre duas faixas verdes horizontalizadas com o nome da instituição em letras brancas.;;;;;;;;;;
OK;OK;parcial;;;UFERSA;UFERSA_01;Letreiro de identificação na entrada do campus da UFERSA;"A imagem mostra o letreiro de entrada da Universidade Federal Rural do Semi-Árido em Mossoró. Em primeiro plano, destaca-se um muro/mureta bege com a sigla ""UFERSA"" em letras azuis em relevo, acompanhado por área gramada e o prédio da portaria em alvenaria vermelha ao fundo.";Letreiro de identificação na entrada do campus da UFERSA. Foto: site UFERSA.;"Muro baixo na cor bege com letras azuis em relevo formando a palavra ""UFERSA"" sobre um gramado verde.";;;;;;;;;;
OK;OK;parcial;;;UFERSA;UFERSA_02;Fachada do espaço Casa da Leitura na UFERSA;A imagem mostra a fachada da Casa da Leitura no campus da Universidade Federal Rural do Semi-Árido. O imóvel térreo de paredes brancas conta com uma varanda frontal decorada com pinturas murais coloridas inspiradas na flora e fauna da Caatinga, além de um banco de madeira, vasos de plantas e placas de identificação do projeto.;Fachada da Casa da Leitura na UFERSA. Foto: site UFERSA.;Casa térrea branca com varanda decorada por murais artísticos coloridos de árvores, cactos e animais da Caatinga.;;;;;;;;;;
OK;OK;parcial;;;UFERSA;UFERSA_03;Fachada da Biblioteca Central Orlando Teixeira na UFERSA;A imagem mostra a fachada da Biblioteca Central Orlando Teixeira no campus Leste da Universidade Federal Rural do Semi-Árido em Mossoró. O prédio de arquitetura moderna apresenta paredes frontais em cobogós brancos, telhado de cerâmica, letreiros de identificação, placas de sinalização e vegetação ao redor sob céu claro.;Fachada da Biblioteca Central Orlando Teixeira na UFERSA. Foto: site UFERSA.;"Prédio de dois andares com detalhes em cobogós brancos e placas com a inscrição ""Biblioteca Central Orlando Teixeira"".";;;;;;;;;;
OK;OK;parcial;;;UFERSA;UFERSA_04;Fachada do Restaurante Universitário (RU) da UFERSA;"A imagem mostra a entrada do Restaurante Universitário da Universidade Federal Rural do Semi-Árido. O prédio térreo possui acabamento em tons de azul e cinza, com o letreiro ""Restaurante Universitário"" em destaque. A edificação é cercada por vegetação verdejante, com motocicletas estacionadas à esquerda e uma pessoa caminhando pela calçada à direita.";Fachada do Restaurante Universitário da UFERSA. Foto: site UFERSA.;"Edifício térreo azul e cinza com a inscrição ""Restaurante Universitário"" na parede, rodeado de árvores e plantas.";;;;;;;;;;
;;;;;UFES;UFES_00;;;;;;;;;;;;;;
OK;OK;;;;UFES;UFES_01;;;;;;;;;;;;;;
OK;OK;;;;UFES;UFES_02;;;;;;;;;;;;;;
OK;OK;;;;UFES;UFES_03;;;;;;;;;;;;;;
OK;OK;;;;UFES;UFES_04;;;;;;;;;;;;;;
OK;;;;;UFF;UFF_00;;;;;;;;;;;;;;
OK;;;;;UFF;UFF_01;;;;;;;;;;;;;;
OK;;;;;UFF;UFF_02;;;;;;;;;;;;;;
OK;;;;;UFF;UFF_03;;;;;;;;;;;;;;
OK;;;;;UFF;UFF_04;;;;;;;;;;;;;;
;;parcial;;;UFFS;UFFS_00;Logomarca oficial da Universidade Federal da Fronteira Sul (UFFS);"A imagem apresenta a marca gráfica estilizada da Universidade Federal da Fronteira Sul em fundo transparente. O logotipo verde-escuro combina três chamas/folhas estilizadas curvadas para cima sobre a sigla ""UFFS"" em letras maiúsculas e fonte encorpada.";Logomarca oficial da Universidade Federal da Fronteira Sul. Foto: site UFFS.;"Logotipo verde-escuro da UFFS composto por três formas estilizadas semelhantes a chamas acima da sigla ""UFFS"".";;;;;;;;;;
OK;OK;parcial;;;UFFS;UFFS_01;Fachada do Bloco dos Professores no campus da UFFS;"A imagem mostra a fachada do prédio do Bloco dos Professores da Universidade Federal da Fronteira Sul. A edificação de dois andares possui arquitetura em blocos nas cores branca, azul e verde, exibindo a logomarca da instituição na parede. Em primeiro plano, há um gramado arborizado com o monumento decorativo onde se lê ""EU ❤️ UFFS"".";Fachada do Bloco dos Professores da UFFS. Foto: site UFFS.;"Fachada de prédio acadêmico nas cores branca, azul e verde com monumento decorativo ""EU ❤️ UFFS"" em primeiro plano.";;;;;;;;;;
OK;OK;parcial;;;UFFS;UFFS_02;Prédio da Biblioteca no campus da UFFS;A imagem mostra a fachada do prédio da Biblioteca da Universidade Federal da Fronteira Sul. A edificação moderna de três andares combina tons de amarelo, cinza e verde, com uma grande fachada de vidro espelhado ao centro. Em primeiro plano, há um pátio de solo exposto utilizado como estacionamento para diversos carros, sob céu azul.;Fachada do prédio da Biblioteca da UFFS com estacionamento em primeiro plano. Foto: site UFFS.;Edifício moderno de três andares nas cores amarelo, cinza e verde com grande fachada espelhada e carros estacionados na frente.;;;;;;;;;;
OK;OK;parcial;;;UFFS;UFFS_03;Fachada do Hospital de Caridade de Carazinho (HCC);A imagem mostra a fachada moderna do prédio do Hospital de Caridade de Carazinho (HCC), instituição de saúde parceira da UFFS. A edificação em tons neutros de cinza possui ampla fachada de vidro espelhado, marquise de entrada e uma área externa com jardins gramados, palmeiras e rampas de acesso com acabamento em madeira.;Fachada do Hospital de Caridade de Carazinho (HCC). Foto: site UFFS.;Edifício hospitalar moderno em tons de cinza com grande fachada de vidro e jardim com rampas de acesso em primeiro plano.;;;;;;;;;;
OK;OK;parcial;;;UFFS;UFFS_04;Edifício hospitalar moderno em tons de cinza com grande fachada de vidro e jardim com rampas de acesso em primeiro plano.;A imagem apresenta a fachada do Restaurante Universitário no campus Chapecó da Universidade Federal da Fronteira Sul. O prédio de arquitetura contemporânea combina elementos amarelos em formato angular, fachada cinza, paredes brancas e grandes janelas de vidro espelhado, situado sobre um terreno com relevo em aclive e gramado sob céu azul com nuvens.;Fachada do Restaurante Universitário (RU) da UFFS. Foto: site UFFS.;Prédio moderno de restaurante universitário com detalhes angulares amarelos, fachada de vidro espelhado e gramado ao redor.;;;;;;;;;;
;;;;;UFG;UFG_00;;;;;;;;;;;;;;
OK;OK;;;;UFG;UFG_01;;;;;;;;;;;;;;
OK;OK;;;;UFG;UFG_02;;;;;;;;;;;;;;
OK;OK;;;;UFG;UFG_03;;;;;;;;;;;;;;
OK;OK;;;;UFG;UFG_04;;;;;;;;;;;;;;
;;;;;UFGD;UFGD_00;;;;;;;;;;;;;;
OK;OK;;;;UFGD;UFGD_01;;;;;;;;;;;;;;
OK;OK;;;;UFGD;UFGD_02;;;;;;;;;;;;;;
OK;OK;;;;UFGD;UFGD_03;;;;;;;;;;;;;;
OK;OK;;;;UFGD;UFGD_04;;;;;;;;;;;;;;
;;;;;UFJ;UFJ_00;;;;;;;;;;;;;;
OK;OK;;;;UFJ;UFJ_01;;;;;;;;;;;;;;
OK;OK;;;;UFJ;UFJ_02;;;;;;;;;;;;;;
OK;OK;;;;UFJ;UFJ_03;;;;;;;;;;;;;;
OK;OK;;;;UFJ;UFJ_04;;;;;;;;;;;;;;
OK;;;;;UFJF;UFJF_00;;;;;;;;;;;;;;
OK;;;;;UFJF;UFJF_01;;;;;;;;;;;;;;
OK;;;;;UFJF;UFJF_02;;;;;;;;;;;;;;
OK;;;;;UFJF;UFJF_03;;;;;;;;;;;;;;
OK;;;;;UFJF;UFJF_04;;;;;;;;;;;;;;
OK;;;;;UFLA;UFLA_00;;;;;;;;;;;;;;
OK;;;;;UFLA;UFLA_01;;;;;;;;;;;;;;
OK;;;;;UFLA;UFLA_02;;;;;;;;;;;;;;
OK;;;;;UFLA;UFLA_03;;;;;;;;;;;;;;
OK;;;;;UFLA;UFLA_04;;;;;;;;;;;;;;
OK;;;;;UFMA;UFMA_00;;;;;;;;;;;;;;
OK;;;;;UFMA;UFMA_01;;;;;;;;;;;;;;
OK;;;;;UFMA;UFMA_02;;;;;;;;;;;;;;
OK;;;;;UFMA;UFMA_03;;;;;;;;;;;;;;
OK;;;;;UFMA;UFMA_04;;;;;;;;;;;;;;
OK;;;;;UFMG;UFMG_00;;;;;;;;;;;;;;
OK;;;;;UFMG;UFMG_01;;;;;;;;;;;;;;
OK;;;;;UFMG;UFMG_02;;;;;;;;;;;;;;
OK;;;;;UFMG;UFMG_03;;;;;;;;;;;;;;
OK;;;;;UFMG;UFMG_04;;;;;;;;;;;;;;
OK;;;;;UFMS;UFMS_00;;;;;;;;;;;;;;
OK;;;;;UFMS;UFMS_01;;;;;;;;;;;;;;
OK;;;;;UFMS;UFMS_02;;;;;;;;;;;;;;
OK;;;;;UFMS;UFMS_03;;;;;;;;;;;;;;
OK;;;;;UFMS;UFMS_04;;;;;;;;;;;;;;
OK;;;;;UFMT;UFMT_00;;;;;;;;;;;;;;
OK;;;;;UFMT;UFMT_01;;;;;;;;;;;;;;
OK;;;;;UFMT;UFMT_02;;;;;;;;;;;;;;
OK;;;;;UFMT;UFMT_03;;;;;;;;;;;;;;
OK;;;;;UFMT;UFMT_04;;;;;;;;;;;;;;
OK;;;;;UFNT;UFNT_00;;;;;;;;;;;;;;
OK;;;;;UFNT;UFNT_01;;;;;;;;;;;;;;
OK;;;;;UFNT;UFNT_02;;;;;;;;;;;;;;
OK;;;;;UFNT;UFNT_03;;;;;;;;;;;;;;
OK;;;;;UFNT;UFNT_04;;;;;;;;;;;;;;
OK;;;;;UFOB;UFOB_00;;;;;;;;;;;;;;
OK;;;;;UFOB;UFOB_01;;;;;;;;;;;;;;
OK;;;;;UFOB;UFOB_02;;;;;;;;;;;;;;
OK;;;;;UFOB;UFOB_03;;;;;;;;;;;;;;
OK;;;;;UFOB;UFOB_04;;;;;;;;;;;;;;
OK;;;;;UFOP;UFOP_00;;;;;;;;;;;;;;
OK;;;;;UFOP;UFOP_01;;;;;;;;;;;;;;
OK;;;;;UFOP;UFOP_02;;;;;;;;;;;;;;
OK;;;;;UFOP;UFOP_03;;;;;;;;;;;;;;
OK;;;;;UFOP;UFOP_04;;;;;;;;;;;;;;
OK;;;;;UFOPA;UFOPA_00;;;;;;;;;;;;;;
OK;;;;;UFOPA;UFOPA_01;;;;;;;;;;;;;;
OK;;;;;UFOPA;UFOPA_02;;;;;;;;;;;;;;
OK;;;;;UFOPA;UFOPA_03;;;;;;;;;;;;;;
OK;;;;;UFOPA;UFOPA_04;;;;;;;;;;;;;;
OK;;;;;UFPA;UFPA_00;;;;;;;;;;;;;;
OK;;;;;UFPA;UFPA_01;;;;;;;;;;;;;;
OK;;;;;UFPA;UFPA_02;;;;;;;;;;;;;;
OK;;;;;UFPA;UFPA_03;;;;;;;;;;;;;;
OK;;;;;UFPA;UFPA_04;;;;;;;;;;;;;;
OK;;;;;UFPB;UFPB_00;;;;;;;;;;;;;;
OK;;;;;UFPB;UFPB_01;;;;;;;;;;;;;;
OK;;;;;UFPB;UFPB_02;;;;;;;;;;;;;;
OK;;;;;UFPB;UFPB_03;;;;;;;;;;;;;;
OK;;;;;UFPB;UFPB_04;;;;;;;;;;;;;;
OK;;;;;UFPE;UFPE_00;;;;;;;;;;;;;;
OK;;;;;UFPE;UFPE_01;;;;;;;;;;;;;;
OK;;;;;UFPE;UFPE_02;;;;;;;;;;;;;;
OK;;;;;UFPE;UFPE_03;;;;;;;;;;;;;;
OK;;;;;UFPE;UFPE_04;;;;;;;;;;;;;;
;;parcial;;;UFPel;UFPel_00;Brasão e logomarca oficial da Universidade Federal de Pelotas (UFPel);"A imagem apresenta o brasão circular oficial da Universidade Federal de Pelotas em fundo branco. O emblema circular possui fundo azul-escuro com raios de luz azuis claros. No centro, destacam-se as letras gregas Alfa (A) e Ômega (Ω) em branco ao lado de uma tocha com chama acesa, acima de uma embarcação amarela sobre ondas estilizadas em verde e azul. Ao redor do círculo, lê-se ""UNIVERSIDADE FEDERAL DE PELOTAS"" e ""RS-BRASIL"" em letras maiúsculas azuis.";Brasão e logomarca oficial da Universidade Federal de Pelotas. Foto: site UFPel.;"Brasão circular azul com as letras Alfa e Ômega, uma tocha acesa, um barco amarelo sobre ondas estilizadas e o nome ""UNIVERSIDADE FEDERAL DE PELOTAS"".";;;;;;;;;;
OK;OK;parcial;;;UFPel;UFPel_01;Fachada do Campus Anglo da Universidade Federal de Pelotas (UFPel);"A imagem mostra a fachada do prédio do Campus Anglo da Universidade Federal de Pelotas. A estrutura de quatro andares em concreto e tons cinzas exibe a sigla ""UFPEL"" no topo. Em primeiro plano, um grupo de estudantes está sentado em um amplo gramado verde, interagindo durante um evento ao ar livre em um dia ensolarado.";Fachada do Campus Anglo da UFPel com estudantes reunidos no gramado. Foto: site UFPel.;"Prédio cinza de quatro andares com a sigla ""UFPEL"" no topo e dezenas de estudantes sentados no gramado em primeiro plano.";;;;;;;;;;
OK;OK;parcial;;;UFPel;UFPel_02;Entrada da Biblioteca do Campus Anglo da UFPel;"A imagem mostra a entrada da biblioteca no Campus Anglo da Universidade Federal de Pelotas. Em primeiro plano à esquerda, destaca-se uma parede amarela com o letreiro em relevo azul ""UFPEL | BIBLIOTECA"". À direita, pessoas caminham em frente ao prédio térreo de paredes amarelas e telhado de telhas cerâmicas, sob dia ensolarado com céu azul.";Entrada da biblioteca no Campus Anglo da UFPel. Foto: site UFPel.;"Parede amarela com o letreiro azul ""UFPEL | BIBLIOTECA"" em primeiro plano e entrada do prédio ao fundo sob céu azul.";;;;;;;;;;
OK;OK;parcial;;;UFPel;UFPel_03;Prédio histórico da Faculdade de Direito da UFPel;A imagem mostra a imponente fachada do prédio histórico da Faculdade de Direito da Universidade Federal de Pelotas. A edificação neoclássica de dois andares apresenta tom amarelo-ouro com detalhes e colunas em bege, pórtico central com escadaria de acesso, sacada decorada e simetria arquitetônica. O entorno conta com árvores, palmeiras e um calçadão sob céu azul sem nuvens.;Fachada do prédio histórico da Faculdade de Direito da UFPel na Praça da Republica. Foto: site UFPel.;Edifício histórico neoclássico de dois andares na cor amarela com colunas, escadaria de acesso central e palmeiras ao redor.;;;;;;;;;;
OK;OK;parcial;;;UFPel;UFPel_04;Placa de identificação do Museu de Ciências Naturais Carlos Ritter da UFPel;"A imagem mostra em detalhe a placa de identificação fixada na fachada do Museu de Ciências Naturais Carlos Ritter, pertencente ao Instituto de Biologia da Universidade Federal de Pelotas. A placa vertical preta exibe o brasão e a sigla ""UFPEL"" no topo, o logo com a silhueta de uma ave e o nome do museu ao centro, e a indicação ""INSTITUTO DE BIOLOGIA"" na parte inferior, presa à parede de um prédio de arquitetura histórica em tom bege.";Placa de entrada do Museu de Ciências Naturais Carlos Ritter da UFPel. Foto: site UFPel.;"Placa preta pendurada em parede histórica bege com o brasão da UFPEL e o texto ""Museu de Ciências Naturais Carlos Ritter"".";;;;;;;;;;
OK;;;;;UFPI;UFPI_00;;;;;;;;;;;;;;
OK;;;;;UFPI;UFPI_01;;;;;;;;;;;;;;
OK;;;;;UFPI;UFPI_02;;;;;;;;;;;;;;
OK;;;;;UFPI;UFPI_03;;;;;;;;;;;;;;
OK;;;;;UFPI;UFPI_04;;;;;;;;;;;;;;
OK;;;;;UFPR;UFPR_00;;;;;;;;;;;;;;
OK;;;;;UFPR;UFPR_01;;;;;;;;;;;;;;
OK;;;;;UFPR;UFPR_02;;;;;;;;;;;;;;
OK;;;;;UFPR;UFPR_03;;;;;;;;;;;;;;
OK;;;;;UFPR;UFPR_04;;;;;;;;;;;;;;
OK;;;;;UFR;UFR_00;;;;;;;;;;;;;;
OK;;;;;UFR;UFR_01;;;;;;;;;;;;;;
OK;;;;;UFR;UFR_02;;;;;;;;;;;;;;
OK;;;;;UFR;UFR_03;;;;;;;;;;;;;;
OK;;;;;UFR;UFR_04;;;;;;;;;;;;;;
OK;;;;;UFRA;UFRA_00;;;;;;;;;;;;;;
OK;;;;;UFRA;UFRA_01;;;;;;;;;;;;;;
OK;;;;;UFRA;UFRA_02;;;;;;;;;;;;;;
OK;;;;;UFRA;UFRA_03;;;;;;;;;;;;;;
OK;;;;;UFRA;UFRA_04;;;;;;;;;;;;;;
OK;;;;;UFRB;UFRB_00;;;;;;;;;;;;;;
OK;;;;;UFRB;UFRB_01;;;;;;;;;;;;;;
OK;;;;;UFRB;UFRB_02;;;;;;;;;;;;;;
OK;;;;;UFRB;UFRB_03;;;;;;;;;;;;;;
OK;;;;;UFRB;UFRB_04;;;;;;;;;;;;;;
;;parcial;;;UFRGS;UFRGS_00;Logomarca oficial da Universidade Federal do Rio Grande do Sul (UFRGS);"A imagem apresenta o logotipo oficial da Universidade Federal do Rio Grande do Sul sobre fundo preto. No topo, exibe uma tocha azul com chamas vermelhas, posicionada acima da sigla ""UFRGS"" em letras maiúsculas grossas na cor azul. Na parte inferior, lê-se o nome completo da instituição ""UNIVERSIDADE FEDERAL DO RIO GRANDE DO SUL"" em letras maiúsculas brancas dispostas em duas linhas.";Logomarca oficial da Universidade Federal do Rio Grande do Sul. Foto: site UFRGS.;"Logotipo da UFRGS com chamas vermelhas sobre tocha azul, sigla azul ""UFRGS"" e nome completo em branco sobre fundo preto.";;;;;;;;;;
OK;OK;parcial;;;UFRGS;UFRGS_01;Prédio da Reitoria no Campus Centro da UFRGS;"A imagem mostra a fachada do prédio da Reitoria da Universidade Federal do Rio Grande do Sul em ângulo ascendente. A edificação de estilo modernista em tom bege possui vários andares com janelas em grelha. Em primeiro plano à direita, destaca-se um monumento metálico prateado com a sigla ""UFRGS"" e a escultura de uma tocha sobre um pedestal escuro no gramado. À esquerda, veem-se mastros com bandeiras ao lado do acesso principal sob um céu azul ensolarado.";Prédio da Reitoria da UFRGS no Campus Centro em Porto Alegre. Foto: site UFRGS.;Prédio alto bege de estilo modernista com monumento metálico prateado da UFRGS e tocha em primeiro plano sobre o gramado.;;;;;;;;;;
OK;OK;parcial;;;UFRGS;UFRGS_02;Prédio histórico do Centro Cultural da UFRGS (antigo Instituto de Química Industrial / Escola de Engenharia);"A imagem mostra em ângulo ascendente a fachada iluminada à noite do prédio histórico do Centro Cultural da UFRGS, localizado no Campus Centro. A edificação em estilo neoclássico e tom amarelo-dourado apresenta colunas imponentes, esculturas ornamentais na platibanda, janelas arcadas e as inscrições ""INSTITUTO DE QUÍMICA INDUSTRIAL"" e ""ESCOLA DE ENGENHARIA"" entalhadas na alvenaria, sob um céu azul-escuro crepuscular.";Fachada iluminada do Centro Cultural da UFRGS no Campus Centro. Foto: site UFRGS.;"Prédio histórico neoclássico iluminado em tom amarelo-dourado à noite com colunas e inscrições ""ESCOLA DE ENGENHARIA"" e ""INSTITUTO DE QUÍMICA INDUSTRIAL"".";;;;;;;;;;
OK;OK;parcial;;;UFRGS;UFRGS_03;Painel de identificação da Rádio e TV UFRGS;"A imagem mostra em primeiro plano à direita um grande painel branco fixado em estrutura metálica com o logotipo da UFRGS e o texto ""RÁDIO E TV"" em letras pretas maiúsculas. À esquerda, destaca-se a fachada de um prédio histórico de cor amarela com janelas ornamentadas e enquadrado pelas folhas de uma árvore sob céu azul.";Painel de identificação da Rádio e TV UFRGS em frente a prédio do campus. Foto: site UFRGS.;"Painel branco em estrutura metálica com o logotipo da UFRGS e a inscrição ""RÁDIO E TV"" ao lado de um prédio histórico amarelo.";;;;;;;;;;
OK;OK;parcial;;;UFRGS;UFRGS_04;Entrada do Cinema Universitario Sala Redenção da UFRGS;"A imagem mostra a entrada do cinema universitário Sala Redenção no Campus Centro da Universidade Federal do Rio Grande do Sul. O prédio de fachada preta possui portas de vidro abertas e uma placa vermelha e azul de identificação. À direita, destaca-se um grande mural em grafite homenageando a obra clássica do cinema ""Viagem à Lua"", com o rosto antropomórfico da lua atingido por um telescópio. À esquerda, veem-se esculturas em argila sobre pedestais de pedra.";Entrada da Sala Redenção - Cinema Universitário da UFRGS. Foto: site UFRGS.;"Fachada preta de cinema universitário com mural decorativo do filme ""Viagem à Lua"" à direita e portas de vidro de acesso à esquerda.";;;;;;;;;;
OK;;;;;UFRJ;UFRJ_00;;;;;;;;;;;;;;
OK;;;;;UFRJ;UFRJ_01;;;;;;;;;;;;;;
OK;;;;;UFRJ;UFRJ_02;;;;;;;;;;;;;;
OK;;;;;UFRJ;UFRJ_03;;;;;;;;;;;;;;
OK;;;;;UFRJ;UFRJ_04;;;;;;;;;;;;;;
;;parcial;;;UFRN;UFRN_00;Logomarca oficial da Universidade Federal do Rio Grande do Norte (UFRN);"A imagem apresenta o logotipo oficial da Universidade Federal do Rio Grande do Norte em fundo transparente. A marca é composta pela sigla ""UFRN"" em letras maiúsculas em tom azul-claro, com destaque para a letra ""F"" em azul-escuro sobreposta em um retângulo vertical. Abaixo, lê-se o nome completo ""UNIVERSIDADE FEDERAL DO RIO GRANDE DO NORTE"" em fonte itálica maiúscula nas mesmas cores correspondentes.";Logomarca oficial da Universidade Federal do Rio Grande do Norte. Foto: site UFRN.;Logotipo da UFRN em tons de azul-claro e azul-escuro com o nome completo da instituição por extenso abaixo.;;;;;;;;;;
OK;OK;parcial;;;UFRN;UFRN_01;Prédio da Reitoria da Universidade Federal do Rio Grande do Norte (UFRN);A imagem mostra uma vista aérea oblíqua do complexo do prédio da Reitoria da Universidade Federal do Rio Grande do Norte. A estrutura de arquitetura brutalista em concreto aparente destaca-se por seus volumes geométricos, passarelas cobertas e um relevo em escultura de sol na parede. O conjunto é cercado por um grande espelho d'água de tom esverdeado e ampla vegetação tropical, sob um céu ensolarado com nuvens.;Vista aérea do complexo da Reitoria da UFRN em Natal. Foto: Cícero Oliveira / site UFRN.;Vista aérea de edifício brutalista em concreto aparente cercado por grande espelho d'água esverdeado e árvores.;;;;;;;;;;
OK;OK;parcial;;;UFRN;UFRN_02;Prédio do Restaurante Universitário (RU) no campus da UFRN;"A imagem mostra a fachada externa do Restaurante Universitário da Universidade Federal do Rio Grande do Norte. A edificação ampla combina paredes amarelas e revestimento de pedra, protegida por grandes árvores de copas frondosas. Em primeiro plano, no gramado inclinado, lê-se a sigla ""RU"" formada por canteiros de flores ornamentais. Próximo à entrada, veem-se trabalhadores de uniforme branco sentados à sombra sob um céu azul ensolarado.";Fachada do Restaurante Universitário (RU) no Campus Central da UFRN em Natal. Foto: Cícero Oliveira / site UFRN.;Fachada do Restaurante Universitário (RU) no Campus Central da UFRN em Natal. Foto: Cícero Oliveira / site UFRN.;;;;;;;;;;
OK;OK;parcial;;;UFRN;UFRN_03;Acesso à Biblioteca Central Zila Mamede (BCZM) da UFRN;A imagem mostra a entrada e a estrutura externa da Biblioteca Central Zila Mamede no campus da Universidade Federal do Rio Grande do Norte. A edificação moderna combina colunas amarelas, paredes em cinza e grandes painéis de vidro. O espaço conta com rampas de acessibilidade com guarda-corpos brancos, passarelas metálicas cobertas por estrutura de aço e policarbonato, e um pátio interno com jardim gramado sob luz solar direta.;Entrada e passarelas de acesso da Biblioteca Central Zila Mamede (BCZM) da UFRN. Foto: Anastácia Vaz / site UFRN.;Edifício moderno com colunas amarelas e fachada de vidro, com rampas de acessibilidade e passarelas metálicas cobertas em primeiro plano.;;;;;;;;;;
OK;OK;parcial;;;UFRN;UFRN_04;Prédio do Instituto do Cérebro / Centro de Pesquisa da UFRN;A imagem mostra a fachada de arquitetura contemporânea do centro de pesquisa da Universidade Federal do Rio Grande do Norte. A edificação de vários andares combina painéis de revestimento metálico cinza e cerâmica avermelhada à esquerda com um painel frontal vermelho vibrante com aberturas circulares vazadas de diversos tamanhos à direita. Em primeiro plano, há um gramado verde com postes de iluminação, pequenas árvores e pessoas próximas à entrada coberta sob iluminação do entardecer.;Fachada do centro de pesquisa da UFRN em Natal. Foto: Cícero Oliveira / site UFRN.;Edifício de pesquisa moderno com fachada vermelha vibrante com furos circulares vazados ao lado de estrutura cinza e avermelhada.;;;;;;;;;;
OK;;;;;UFRPE;UFRPE_00;;;;;;;;;;;;;;
OK;;;;;UFRPE;UFRPE_01;;;;;;;;;;;;;;
OK;;;;;UFRPE;UFRPE_02;;;;;;;;;;;;;;
OK;;;;;UFRPE;UFRPE_03;;;;;;;;;;;;;;
;;;;;UFRPE;UFRPE_04;;;;;;;;;;;;;;
OK;OK;;;;UFRR;UFRR_00;;;;;;;;;;;;;;
OK;OK;;;;UFRR;UFRR_01;;;;;;;;;;;;;;
OK;OK;;;;UFRR;UFRR_02;;;;;;;;;;;;;;
OK;OK;;;;UFRR;UFRR_03;;;;;;;;;;;;;;
OK;OK;;;;UFRR;UFRR_04;;;;;;;;;;;;;;
;;;;;UFRRJ;UFRRJ_00;;;;;;;;;;;;;;
OK;OK;;;;UFRRJ;UFRRJ_01;;;;;;;;;;;;;;
OK;OK;;;;UFRRJ;UFRRJ_02;;;;;;;;;;;;;;
OK;OK;;;;UFRRJ;UFRRJ_03;;;;;;;;;;;;;;
OK;OK;;;;UFRRJ;UFRRJ_04;;;;;;;;;;;;;;
OK;;;;;UFS;UFS_00;;;Logomarca oficial da Universidade Federal de Sergipe;;;;;;;;;;;
OK;;;;;UFS;UFS_01;;;;;;;;;;;;;;
OK;;;;;UFS;UFS_02;;;;;;;;;;;;;;
OK;;;;;UFS;UFS_03;;;;;;;;;;;;;;
OK;;;;;UFS;UFS_04;;;Seminário dentro da sala de aula na UFS. Foto: Dani Santos / Site prefeitura de São Cristóvão;;;;;;;;;;;
OK;;;;;UFSB;UFSB_00;;;;;;;;;;;;;;
OK;;;;;UFSB;UFSB_01;;;;;;;;;;;;;;
OK;;;;;UFSB;UFSB_02;;;;;;;;;;;;;;
OK;;;;;UFSB;UFSB_03;;;;;;;;;;;;;;
OK;;;;;UFSB;UFSB_04;;;;;;;;;;;;;;
;;;;;UFSC;UFSC_00;;;;;;;;;;;;;;
OK;OK;;;;UFSC;UFSC_01;;;;;;;;;;;;;;
OK;OK;;;;UFSC;UFSC_02;;;;;;;;;;;;;;
OK;OK;;;;UFSC;UFSC_03;;;;;;;;;;;;;;
OK;OK;;;;UFSC;UFSC_04;;;;;;;;;;;;;;
OK;;;;;UFSCar;UFSCar_00;;;;;;;;;;;;;;
OK;;;;;UFSCar;UFSCar_01;;;;;;;;;;;;;;
OK;;;;;UFSCar;UFSCar_02;;;;;;;;;;;;;;
OK;;;;;UFSCar;UFSCar_03;;;;;;;;;;;;;;
OK;;;;;UFSCar;UFSCar_04;;;;;;;;;;;;;;
OK;;;;;UFSJ;UFSJ_00;;;;;;;;;;;;;;
OK;;;;;UFSJ;UFSJ_01;;;;;;;;;;;;;;
OK;;;;;UFSJ;UFSJ_02;;;;;;;;;;;;;;
OK;;;;;UFSJ;UFSJ_03;;;;;;;;;;;;;;
OK;;;;;UFSJ;UFSJ_04;;;;;;;;;;;;;;
;;;;;UFSM;UFSM_00;;;;;;;;;;;;;;
OK;OK;;;;UFSM;UFSM_01;;;;;;;;;;;;;;
OK;OK;;;;UFSM;UFSM_02;;;;;;;;;;;;;;
OK;OK;;;;UFSM;UFSM_03;;;;;;;;;;;;;;
OK;OK;;;;UFSM;UFSM_04;;;;;;;;;;;;;;
OK;;;;;UFT;UFT_00;;;logo UFT;;;;;;;;;;;
OK;;;;;UFT;UFT_01;;;Faichada UFT. Foto por gazetadocerrado.com.br;;;;;;;;;;;
OK;;;;;UFT;UFT_02;;;;;;;;;;;;;;
OK;;;;;UFT;UFT_03;;;;;;;;;;;;;;
OK;;;;;UFT;UFT_04;;;;;;;;;;;;;;
OK;;;;;UFTM;UFTM_00;;;;;;;;;;;;;;
OK;;;;;UFTM;UFTM_01;;;;;;;;;;;;;;
OK;;;;;UFTM;UFTM_02;;;;;;;;;;;;;;
OK;;;;;UFTM;UFTM_03;;;;;;;;;;;;;;
OK;;;;;UFTM;UFTM_04;;;;;;;;;;;;;;
OK;;;;;UFU;UFU_00;;;;;;;;;;;;;;
OK;;;;;UFU;UFU_01;;;;;;;;;;;;;;
OK;;;;;UFU;UFU_02;;;;;;;;;;;;;;
OK;;;;;UFU;UFU_03;;;;;;;;;;;;;;
OK;;;;;UFU;UFU_04;;;;;;;;;;;;;;
OK;;;;;UFV;UFV_00;;;;;;;;;;;;;;
OK;;;;;UFV;UFV_01;;;;;;;;;;;;;;
OK;;;;;UFV;UFV_02;;;;;;;;;;;;;;
OK;;;;;UFV;UFV_03;;;;;;;;;;;;;;
OK;;;;;UFV;UFV_04;;;;;;;;;;;;;;
OK;;;;;UFVJM;UFVJM_00;;;;;;;;;;;;;;
OK;;;;;UFVJM;UFVJM_01;;;;;;;;;;;;;;
OK;;;;;UFVJM;UFVJM_02;;;;;;;;;;;;;;
OK;;;;;UFVJM;UFVJM_03;;;;;;;;;;;;;;
OK;;;;;UFVJM;UFVJM_04;;;;;;;;;;;;;;
OK;;;;;UnB;UnB_00;;;;;;;;;;;;;;
OK;;;;;UnB;UnB_01;;;;;;;;;;;;;;
OK;;;;;UnB;UnB_02;;;;;;;;;;;;;;
OK;;;;;UnB;UnB_03;;;;;;;;;;;;;;
OK;;;;;UnB;UnB_04;;;;;;;;;;;;;;
OK;;;;;UNIFAL;UNIFAL_00;;;;;;;;;;;;;;
OK;;;;;UNIFAL;UNIFAL_01;;;;;;;;;;;;;;
OK;;;;;UNIFAL;UNIFAL_02;;;;;;;;;;;;;;
OK;;;;;UNIFAL;UNIFAL_03;;;;;;;;;;;;;;
OK;;;;;UNIFAL;UNIFAL_04;;;;;;;;;;;;;;
OK;;;;;UNIFAP;UNIFAP_00;;;;;;;;;;;;;;
OK;;;;;UNIFAP;UNIFAP_01;;;;;;;;;;;;;;
OK;;;;;UNIFAP;UNIFAP_02;;;;;;;;;;;;;;
OK;;;;;UNIFAP;UNIFAP_03;;;;;;;;;;;;;;
OK;;;;;UNIFAP;UNIFAP_04;;;;;;;;;;;;;;
OK;;;;;UNIFEI;UNIFEI_00;;;;;;;;;;;;;;
OK;;;;;UNIFEI;UNIFEI_01;;;;;;;;;;;;;;
OK;;;;;UNIFEI;UNIFEI_02;;;;;;;;;;;;;;
OK;;;;;UNIFEI;UNIFEI_03;;;;;;;;;;;;;;
OK;;;;;UNIFEI;UNIFEI_04;;;;;;;;;;;;;;
OK;;;;;UNIFESP;UNIFESP_00;;;;;;;;;;;;;;
OK;;;;;UNIFESP;UNIFESP_01;;;;;;;;;;;;;;
OK;;;;;UNIFESP;UNIFESP_02;;;;;;;;;;;;;;
OK;;;;;UNIFESP;UNIFESP_03;;;;;;;;;;;;;;
OK;;;;;UNIFESP;UNIFESP_04;;;;;;;;;;;;;;
OK;;;;;UNIFESSPA;UNIFESSPA_00;;;;;;;;;;;;;;
OK;;;;;UNIFESSPA;UNIFESSPA_01;;;;;;;;;;;;;;
OK;;;;;UNIFESSPA;UNIFESSPA_02;;;;;;;;;;;;;;
OK;;;;;UNIFESSPA;UNIFESSPA_03;;;;;;;;;;;;;;
OK;;;;;UNIFESSPA;UNIFESSPA_04;;;;;;;;;;;;;;
OK;;;;;UNILA;UNILA_00;;;;;;;;;;;;;;
OK;;;;;UNILA;UNILA_01;;;;;;;;;;;;;;
OK;;;;;UNILA;UNILA_02;;;;;;;;;;;;;;
OK;;;;;UNILA;UNILA_03;;;;;;;;;;;;;;
OK;;;;;UNILA;UNILA_04;;;;;;;;;;;;;;
OK;;;;;UNILAB;UNILAB_00;;;;;;;;;;;;;;
OK;;;;;UNILAB;UNILAB_01;;;;;;;;;;;;;;
OK;;;;;UNILAB;UNILAB_02;;;;;;;;;;;;;;
OK;;;;;UNILAB;UNILAB_03;;;;;;;;;;;;;;
OK;;;;;UNILAB;UNILAB_04;;;;;;;;;;;;;;
;;;;;UNIPAMPA;UNIPAMPA_00;;;;;;;;;;;;;;
OK;OK;;;;UNIPAMPA;UNIPAMPA_01;;;;;;;;;;;;;;
OK;OK;;;;UNIPAMPA;UNIPAMPA_02;;;;;;;;;;;;;;
OK;OK;;;;UNIPAMPA;UNIPAMPA_03;;;;;;;;;;;;;;
OK;OK;;;;UNIPAMPA;UNIPAMPA_04;;;;;;;;;;;;;;
;;;;;UNIR;UNIR_00;;;;;;;;;;;;;;
OK;OK;;;;UNIR;UNIR_01;;;;;;;;;;;;;;
OK;OK;;;;UNIR;UNIR_02;;;;;;;;;;;;;;
OK;OK;;;;UNIR;UNIR_03;;;;;;;;;;;;;;
OK;OK;;;;UNIR;UNIR_04;;;;;;;;;;;;;;
;;;;;UNIRIO;UNIRIO_00;;;;;;;;;;;;;;
;;;;;UNIRIO;UNIRIO_01;;;;;;;;;;;;;;
;;;;;UNIRIO;UNIRIO_02;;;;;;;;;;;;;;
;;;;;UNIRIO;UNIRIO_03;;;;;;;;;;;;;;
;;;;;UNIRIO;UNIRIO_04;;;;;;;;;;;;;;
OK;;;;;UNIVASF;UNIVASF_00;;;;;;;;;;;;;;
OK;;;;;UNIVASF;UNIVASF_01;;;;;;;;;;;;;;
OK;;;;;UNIVASF;UNIVASF_02;;;;;;;;;;;;;;
OK;;;;;UNIVASF;UNIVASF_03;;;;;;;;;;;;;;
OK;;;;;UNIVASF;UNIVASF_04;;;;;;;;;;;;;;
OK;;;;;UTFPR;UTFPR_00;;;;;;;;;;;;;;
OK;;;;;UTFPR;UTFPR_01;;;;;;;;;;;;;;
OK;;;;;UTFPR;UTFPR_02;;;;;;;;;;;;;;
OK;;;;;UTFPR;UTFPR_03;;;;;;;;;;;;;;
OK;;;;;UTFPR;UTFPR_04;;;;;;;;;;;;;;
